dt;LandMaxTemperature;LandMinTemperature
1750-01-01;;
1750-02-01;;
1750-03-01;;
1750-04-01;;
1750-05-01;;
1750-06-01;;
1750-07-01;;
1750-08-01;;
1750-09-01;;
1750-10-01;;
1750-11-01;;
1750-12-01;;
1751-01-01;;
1751-02-01;;
1751-03-01;;
1751-04-01;;
1751-05-01;;
1751-06-01;;
1751-07-01;;
1751-08-01;;
1751-09-01;;
1751-10-01;;
1751-11-01;;
1751-12-01;;
1752-01-01;;
1752-02-01;;
1752-03-01;;
1752-04-01;;
1752-05-01;;
1752-06-01;;
1752-07-01;;
1752-08-01;;
1752-09-01;;
1752-10-01;;
1752-11-01;;
1752-12-01;;
1753-01-01;;
1753-02-01;;
1753-03-01;;
1753-04-01;;
1753-05-01;;
1753-06-01;;
1753-07-01;;
1753-08-01;;
1753-09-01;;
1753-10-01;;
1753-11-01;;
1753-12-01;;
1754-01-01;;
1754-02-01;;
1754-03-01;;
1754-04-01;;
1754-05-01;;
1754-06-01;;
1754-07-01;;
1754-08-01;;
1754-09-01;;
1754-10-01;;
1754-11-01;;
1754-12-01;;
1755-01-01;;
1755-02-01;;
1755-03-01;;
1755-04-01;;
1755-05-01;;
1755-06-01;;
1755-07-01;;
1755-08-01;;
1755-09-01;;
1755-10-01;;
1755-11-01;;
1755-12-01;;
1756-01-01;;
1756-02-01;;
1756-03-01;;
1756-04-01;;
1756-05-01;;
1756-06-01;;
1756-07-01;;
1756-08-01;;
1756-09-01;;
1756-10-01;;
1756-11-01;;
1756-12-01;;
1757-01-01;;
1757-02-01;;
1757-03-01;;
1757-04-01;;
1757-05-01;;
1757-06-01;;
1757-07-01;;
1757-08-01;;
1757-09-01;;
1757-10-01;;
1757-11-01;;
1757-12-01;;
1758-01-01;;
1758-02-01;;
1758-03-01;;
1758-04-01;;
1758-05-01;;
1758-06-01;;
1758-07-01;;
1758-08-01;;
1758-09-01;;
1758-10-01;;
1758-11-01;;
1758-12-01;;
1759-01-01;;
1759-02-01;;
1759-03-01;;
1759-04-01;;
1759-05-01;;
1759-06-01;;
1759-07-01;;
1759-08-01;;
1759-09-01;;
1759-10-01;;
1759-11-01;;
1759-12-01;;
1760-01-01;;
1760-02-01;;
1760-03-01;;
1760-04-01;;
1760-05-01;;
1760-06-01;;
1760-07-01;;
1760-08-01;;
1760-09-01;;
1760-10-01;;
1760-11-01;;
1760-12-01;;
1761-01-01;;
1761-02-01;;
1761-03-01;;
1761-04-01;;
1761-05-01;;
1761-06-01;;
1761-07-01;;
1761-08-01;;
1761-09-01;;
1761-10-01;;
1761-11-01;;
1761-12-01;;
1762-01-01;;
1762-02-01;;
1762-03-01;;
1762-04-01;;
1762-05-01;;
1762-06-01;;
1762-07-01;;
1762-08-01;;
1762-09-01;;
1762-10-01;;
1762-11-01;;
1762-12-01;;
1763-01-01;;
1763-02-01;;
1763-03-01;;
1763-04-01;;
1763-05-01;;
1763-06-01;;
1763-07-01;;
1763-08-01;;
1763-09-01;;
1763-10-01;;
1763-11-01;;
1763-12-01;;
1764-01-01;;
1764-02-01;;
1764-03-01;;
1764-04-01;;
1764-05-01;;
1764-06-01;;
1764-07-01;;
1764-08-01;;
1764-09-01;;
1764-10-01;;
1764-11-01;;
1764-12-01;;
1765-01-01;;
1765-02-01;;
1765-03-01;;
1765-04-01;;
1765-05-01;;
1765-06-01;;
1765-07-01;;
1765-08-01;;
1765-09-01;;
1765-10-01;;
1765-11-01;;
1765-12-01;;
1766-01-01;;
1766-02-01;;
1766-03-01;;
1766-04-01;;
1766-05-01;;
1766-06-01;;
1766-07-01;;
1766-08-01;;
1766-09-01;;
1766-10-01;;
1766-11-01;;
1766-12-01;;
1767-01-01;;
1767-02-01;;
1767-03-01;;
1767-04-01;;
1767-05-01;;
1767-06-01;;
1767-07-01;;
1767-08-01;;
1767-09-01;;
1767-10-01;;
1767-11-01;;
1767-12-01;;
1768-01-01;;
1768-02-01;;
1768-03-01;;
1768-04-01;;
1768-05-01;;
1768-06-01;;
1768-07-01;;
1768-08-01;;
1768-09-01;;
1768-10-01;;
1768-11-01;;
1768-12-01;;
1769-01-01;;
1769-02-01;;
1769-03-01;;
1769-04-01;;
1769-05-01;;
1769-06-01;;
1769-07-01;;
1769-08-01;;
1769-09-01;;
1769-10-01;;
1769-11-01;;
1769-12-01;;
1770-01-01;;
1770-02-01;;
1770-03-01;;
1770-04-01;;
1770-05-01;;
1770-06-01;;
1770-07-01;;
1770-08-01;;
1770-09-01;;
1770-10-01;;
1770-11-01;;
1770-12-01;;
1771-01-01;;
1771-02-01;;
1771-03-01;;
1771-04-01;;
1771-05-01;;
1771-06-01;;
1771-07-01;;
1771-08-01;;
1771-09-01;;
1771-10-01;;
1771-11-01;;
1771-12-01;;
1772-01-01;;
1772-02-01;;
1772-03-01;;
1772-04-01;;
1772-05-01;;
1772-06-01;;
1772-07-01;;
1772-08-01;;
1772-09-01;;
1772-10-01;;
1772-11-01;;
1772-12-01;;
1773-01-01;;
1773-02-01;;
1773-03-01;;
1773-04-01;;
1773-05-01;;
1773-06-01;;
1773-07-01;;
1773-08-01;;
1773-09-01;;
1773-10-01;;
1773-11-01;;
1773-12-01;;
1774-01-01;;
1774-02-01;;
1774-03-01;;
1774-04-01;;
1774-05-01;;
1774-06-01;;
1774-07-01;;
1774-08-01;;
1774-09-01;;
1774-10-01;;
1774-11-01;;
1774-12-01;;
1775-01-01;;
1775-02-01;;
1775-03-01;;
1775-04-01;;
1775-05-01;;
1775-06-01;;
1775-07-01;;
1775-08-01;;
1775-09-01;;
1775-10-01;;
1775-11-01;;
1775-12-01;;
1776-01-01;;
1776-02-01;;
1776-03-01;;
1776-04-01;;
1776-05-01;;
1776-06-01;;
1776-07-01;;
1776-08-01;;
1776-09-01;;
1776-10-01;;
1776-11-01;;
1776-12-01;;
1777-01-01;;
1777-02-01;;
1777-03-01;;
1777-04-01;;
1777-05-01;;
1777-06-01;;
1777-07-01;;
1777-08-01;;
1777-09-01;;
1777-10-01;;
1777-11-01;;
1777-12-01;;
1778-01-01;;
1778-02-01;;
1778-03-01;;
1778-04-01;;
1778-05-01;;
1778-06-01;;
1778-07-01;;
1778-08-01;;
1778-09-01;;
1778-10-01;;
1778-11-01;;
1778-12-01;;
1779-01-01;;
1779-02-01;;
1779-03-01;;
1779-04-01;;
1779-05-01;;
1779-06-01;;
1779-07-01;;
1779-08-01;;
1779-09-01;;
1779-10-01;;
1779-11-01;;
1779-12-01;;
1780-01-01;;
1780-02-01;;
1780-03-01;;
1780-04-01;;
1780-05-01;;
1780-06-01;;
1780-07-01;;
1780-08-01;;
1780-09-01;;
1780-10-01;;
1780-11-01;;
1780-12-01;;
1781-01-01;;
1781-02-01;;
1781-03-01;;
1781-04-01;;
1781-05-01;;
1781-06-01;;
1781-07-01;;
1781-08-01;;
1781-09-01;;
1781-10-01;;
1781-11-01;;
1781-12-01;;
1782-01-01;;
1782-02-01;;
1782-03-01;;
1782-04-01;;
1782-05-01;;
1782-06-01;;
1782-07-01;;
1782-08-01;;
1782-09-01;;
1782-10-01;;
1782-11-01;;
1782-12-01;;
1783-01-01;;
1783-02-01;;
1783-03-01;;
1783-04-01;;
1783-05-01;;
1783-06-01;;
1783-07-01;;
1783-08-01;;
1783-09-01;;
1783-10-01;;
1783-11-01;;
1783-12-01;;
1784-01-01;;
1784-02-01;;
1784-03-01;;
1784-04-01;;
1784-05-01;;
1784-06-01;;
1784-07-01;;
1784-08-01;;
1784-09-01;;
1784-10-01;;
1784-11-01;;
1784-12-01;;
1785-01-01;;
1785-02-01;;
1785-03-01;;
1785-04-01;;
1785-05-01;;
1785-06-01;;
1785-07-01;;
1785-08-01;;
1785-09-01;;
1785-10-01;;
1785-11-01;;
1785-12-01;;
1786-01-01;;
1786-02-01;;
1786-03-01;;
1786-04-01;;
1786-05-01;;
1786-06-01;;
1786-07-01;;
1786-08-01;;
1786-09-01;;
1786-10-01;;
1786-11-01;;
1786-12-01;;
1787-01-01;;
1787-02-01;;
1787-03-01;;
1787-04-01;;
1787-05-01;;
1787-06-01;;
1787-07-01;;
1787-08-01;;
1787-09-01;;
1787-10-01;;
1787-11-01;;
1787-12-01;;
1788-01-01;;
1788-02-01;;
1788-03-01;;
1788-04-01;;
1788-05-01;;
1788-06-01;;
1788-07-01;;
1788-08-01;;
1788-09-01;;
1788-10-01;;
1788-11-01;;
1788-12-01;;
1789-01-01;;
1789-02-01;;
1789-03-01;;
1789-04-01;;
1789-05-01;;
1789-06-01;;
1789-07-01;;
1789-08-01;;
1789-09-01;;
1789-10-01;;
1789-11-01;;
1789-12-01;;
1790-01-01;;
1790-02-01;;
1790-03-01;;
1790-04-01;;
1790-05-01;;
1790-06-01;;
1790-07-01;;
1790-08-01;;
1790-09-01;;
1790-10-01;;
1790-11-01;;
1790-12-01;;
1791-01-01;;
1791-02-01;;
1791-03-01;;
1791-04-01;;
1791-05-01;;
1791-06-01;;
1791-07-01;;
1791-08-01;;
1791-09-01;;
1791-10-01;;
1791-11-01;;
1791-12-01;;
1792-01-01;;
1792-02-01;;
1792-03-01;;
1792-04-01;;
1792-05-01;;
1792-06-01;;
1792-07-01;;
1792-08-01;;
1792-09-01;;
1792-10-01;;
1792-11-01;;
1792-12-01;;
1793-01-01;;
1793-02-01;;
1793-03-01;;
1793-04-01;;
1793-05-01;;
1793-06-01;;
1793-07-01;;
1793-08-01;;
1793-09-01;;
1793-10-01;;
1793-11-01;;
1793-12-01;;
1794-01-01;;
1794-02-01;;
1794-03-01;;
1794-04-01;;
1794-05-01;;
1794-06-01;;
1794-07-01;;
1794-08-01;;
1794-09-01;;
1794-10-01;;
1794-11-01;;
1794-12-01;;
1795-01-01;;
1795-02-01;;
1795-03-01;;
1795-04-01;;
1795-05-01;;
1795-06-01;;
1795-07-01;;
1795-08-01;;
1795-09-01;;
1795-10-01;;
1795-11-01;;
1795-12-01;;
1796-01-01;;
1796-02-01;;
1796-03-01;;
1796-04-01;;
1796-05-01;;
1796-06-01;;
1796-07-01;;
1796-08-01;;
1796-09-01;;
1796-10-01;;
1796-11-01;;
1796-12-01;;
1797-01-01;;
1797-02-01;;
1797-03-01;;
1797-04-01;;
1797-05-01;;
1797-06-01;;
1797-07-01;;
1797-08-01;;
1797-09-01;;
1797-10-01;;
1797-11-01;;
1797-12-01;;
1798-01-01;;
1798-02-01;;
1798-03-01;;
1798-04-01;;
1798-05-01;;
1798-06-01;;
1798-07-01;;
1798-08-01;;
1798-09-01;;
1798-10-01;;
1798-11-01;;
1798-12-01;;
1799-01-01;;
1799-02-01;;
1799-03-01;;
1799-04-01;;
1799-05-01;;
1799-06-01;;
1799-07-01;;
1799-08-01;;
1799-09-01;;
1799-10-01;;
1799-11-01;;
1799-12-01;;
1800-01-01;;
1800-02-01;;
1800-03-01;;
1800-04-01;;
1800-05-01;;
1800-06-01;;
1800-07-01;;
1800-08-01;;
1800-09-01;;
1800-10-01;;
1800-11-01;;
1800-12-01;;
1801-01-01;;
1801-02-01;;
1801-03-01;;
1801-04-01;;
1801-05-01;;
1801-06-01;;
1801-07-01;;
1801-08-01;;
1801-09-01;;
1801-10-01;;
1801-11-01;;
1801-12-01;;
1802-01-01;;
1802-02-01;;
1802-03-01;;
1802-04-01;;
1802-05-01;;
1802-06-01;;
1802-07-01;;
1802-08-01;;
1802-09-01;;
1802-10-01;;
1802-11-01;;
1802-12-01;;
1803-01-01;;
1803-02-01;;
1803-03-01;;
1803-04-01;;
1803-05-01;;
1803-06-01;;
1803-07-01;;
1803-08-01;;
1803-09-01;;
1803-10-01;;
1803-11-01;;
1803-12-01;;
1804-01-01;;
1804-02-01;;
1804-03-01;;
1804-04-01;;
1804-05-01;;
1804-06-01;;
1804-07-01;;
1804-08-01;;
1804-09-01;;
1804-10-01;;
1804-11-01;;
1804-12-01;;
1805-01-01;;
1805-02-01;;
1805-03-01;;
1805-04-01;;
1805-05-01;;
1805-06-01;;
1805-07-01;;
1805-08-01;;
1805-09-01;;
1805-10-01;;
1805-11-01;;
1805-12-01;;
1806-01-01;;
1806-02-01;;
1806-03-01;;
1806-04-01;;
1806-05-01;;
1806-06-01;;
1806-07-01;;
1806-08-01;;
1806-09-01;;
1806-10-01;;
1806-11-01;;
1806-12-01;;
1807-01-01;;
1807-02-01;;
1807-03-01;;
1807-04-01;;
1807-05-01;;
1807-06-01;;
1807-07-01;;
1807-08-01;;
1807-09-01;;
1807-10-01;;
1807-11-01;;
1807-12-01;;
1808-01-01;;
1808-02-01;;
1808-03-01;;
1808-04-01;;
1808-05-01;;
1808-06-01;;
1808-07-01;;
1808-08-01;;
1808-09-01;;
1808-10-01;;
1808-11-01;;
1808-12-01;;
1809-01-01;;
1809-02-01;;
1809-03-01;;
1809-04-01;;
1809-05-01;;
1809-06-01;;
1809-07-01;;
1809-08-01;;
1809-09-01;;
1809-10-01;;
1809-11-01;;
1809-12-01;;
1810-01-01;;
1810-02-01;;
1810-03-01;;
1810-04-01;;
1810-05-01;;
1810-06-01;;
1810-07-01;;
1810-08-01;;
1810-09-01;;
1810-10-01;;
1810-11-01;;
1810-12-01;;
1811-01-01;;
1811-02-01;;
1811-03-01;;
1811-04-01;;
1811-05-01;;
1811-06-01;;
1811-07-01;;
1811-08-01;;
1811-09-01;;
1811-10-01;;
1811-11-01;;
1811-12-01;;
1812-01-01;;
1812-02-01;;
1812-03-01;;
1812-04-01;;
1812-05-01;;
1812-06-01;;
1812-07-01;;
1812-08-01;;
1812-09-01;;
1812-10-01;;
1812-11-01;;
1812-12-01;;
1813-01-01;;
1813-02-01;;
1813-03-01;;
1813-04-01;;
1813-05-01;;
1813-06-01;;
1813-07-01;;
1813-08-01;;
1813-09-01;;
1813-10-01;;
1813-11-01;;
1813-12-01;;
1814-01-01;;
1814-02-01;;
1814-03-01;;
1814-04-01;;
1814-05-01;;
1814-06-01;;
1814-07-01;;
1814-08-01;;
1814-09-01;;
1814-10-01;;
1814-11-01;;
1814-12-01;;
1815-01-01;;
1815-02-01;;
1815-03-01;;
1815-04-01;;
1815-05-01;;
1815-06-01;;
1815-07-01;;
1815-08-01;;
1815-09-01;;
1815-10-01;;
1815-11-01;;
1815-12-01;;
1816-01-01;;
1816-02-01;;
1816-03-01;;
1816-04-01;;
1816-05-01;;
1816-06-01;;
1816-07-01;;
1816-08-01;;
1816-09-01;;
1816-10-01;;
1816-11-01;;
1816-12-01;;
1817-01-01;;
1817-02-01;;
1817-03-01;;
1817-04-01;;
1817-05-01;;
1817-06-01;;
1817-07-01;;
1817-08-01;;
1817-09-01;;
1817-10-01;;
1817-11-01;;
1817-12-01;;
1818-01-01;;
1818-02-01;;
1818-03-01;;
1818-04-01;;
1818-05-01;;
1818-06-01;;
1818-07-01;;
1818-08-01;;
1818-09-01;;
1818-10-01;;
1818-11-01;;
1818-12-01;;
1819-01-01;;
1819-02-01;;
1819-03-01;;
1819-04-01;;
1819-05-01;;
1819-06-01;;
1819-07-01;;
1819-08-01;;
1819-09-01;;
1819-10-01;;
1819-11-01;;
1819-12-01;;
1820-01-01;;
1820-02-01;;
1820-03-01;;
1820-04-01;;
1820-05-01;;
1820-06-01;;
1820-07-01;;
1820-08-01;;
1820-09-01;;
1820-10-01;;
1820-11-01;;
1820-12-01;;
1821-01-01;;
1821-02-01;;
1821-03-01;;
1821-04-01;;
1821-05-01;;
1821-06-01;;
1821-07-01;;
1821-08-01;;
1821-09-01;;
1821-10-01;;
1821-11-01;;
1821-12-01;;
1822-01-01;;
1822-02-01;;
1822-03-01;;
1822-04-01;;
1822-05-01;;
1822-06-01;;
1822-07-01;;
1822-08-01;;
1822-09-01;;
1822-10-01;;
1822-11-01;;
1822-12-01;;
1823-01-01;;
1823-02-01;;
1823-03-01;;
1823-04-01;;
1823-05-01;;
1823-06-01;;
1823-07-01;;
1823-08-01;;
1823-09-01;;
1823-10-01;;
1823-11-01;;
1823-12-01;;
1824-01-01;;
1824-02-01;;
1824-03-01;;
1824-04-01;;
1824-05-01;;
1824-06-01;;
1824-07-01;;
1824-08-01;;
1824-09-01;;
1824-10-01;;
1824-11-01;;
1824-12-01;;
1825-01-01;;
1825-02-01;;
1825-03-01;;
1825-04-01;;
1825-05-01;;
1825-06-01;;
1825-07-01;;
1825-08-01;;
1825-09-01;;
1825-10-01;;
1825-11-01;;
1825-12-01;;
1826-01-01;;
1826-02-01;;
1826-03-01;;
1826-04-01;;
1826-05-01;;
1826-06-01;;
1826-07-01;;
1826-08-01;;
1826-09-01;;
1826-10-01;;
1826-11-01;;
1826-12-01;;
1827-01-01;;
1827-02-01;;
1827-03-01;;
1827-04-01;;
1827-05-01;;
1827-06-01;;
1827-07-01;;
1827-08-01;;
1827-09-01;;
1827-10-01;;
1827-11-01;;
1827-12-01;;
1828-01-01;;
1828-02-01;;
1828-03-01;;
1828-04-01;;
1828-05-01;;
1828-06-01;;
1828-07-01;;
1828-08-01;;
1828-09-01;;
1828-10-01;;
1828-11-01;;
1828-12-01;;
1829-01-01;;
1829-02-01;;
1829-03-01;;
1829-04-01;;
1829-05-01;;
1829-06-01;;
1829-07-01;;
1829-08-01;;
1829-09-01;;
1829-10-01;;
1829-11-01;;
1829-12-01;;
1830-01-01;;
1830-02-01;;
1830-03-01;;
1830-04-01;;
1830-05-01;;
1830-06-01;;
1830-07-01;;
1830-08-01;;
1830-09-01;;
1830-10-01;;
1830-11-01;;
1830-12-01;;
1831-01-01;;
1831-02-01;;
1831-03-01;;
1831-04-01;;
1831-05-01;;
1831-06-01;;
1831-07-01;;
1831-08-01;;
1831-09-01;;
1831-10-01;;
1831-11-01;;
1831-12-01;;
1832-01-01;;
1832-02-01;;
1832-03-01;;
1832-04-01;;
1832-05-01;;
1832-06-01;;
1832-07-01;;
1832-08-01;;
1832-09-01;;
1832-10-01;;
1832-11-01;;
1832-12-01;;
1833-01-01;;
1833-02-01;;
1833-03-01;;
1833-04-01;;
1833-05-01;;
1833-06-01;;
1833-07-01;;
1833-08-01;;
1833-09-01;;
1833-10-01;;
1833-11-01;;
1833-12-01;;
1834-01-01;;
1834-02-01;;
1834-03-01;;
1834-04-01;;
1834-05-01;;
1834-06-01;;
1834-07-01;;
1834-08-01;;
1834-09-01;;
1834-10-01;;
1834-11-01;;
1834-12-01;;
1835-01-01;;
1835-02-01;;
1835-03-01;;
1835-04-01;;
1835-05-01;;
1835-06-01;;
1835-07-01;;
1835-08-01;;
1835-09-01;;
1835-10-01;;
1835-11-01;;
1835-12-01;;
1836-01-01;;
1836-02-01;;
1836-03-01;;
1836-04-01;;
1836-05-01;;
1836-06-01;;
1836-07-01;;
1836-08-01;;
1836-09-01;;
1836-10-01;;
1836-11-01;;
1836-12-01;;
1837-01-01;;
1837-02-01;;
1837-03-01;;
1837-04-01;;
1837-05-01;;
1837-06-01;;
1837-07-01;;
1837-08-01;;
1837-09-01;;
1837-10-01;;
1837-11-01;;
1837-12-01;;
1838-01-01;;
1838-02-01;;
1838-03-01;;
1838-04-01;;
1838-05-01;;
1838-06-01;;
1838-07-01;;
1838-08-01;;
1838-09-01;;
1838-10-01;;
1838-11-01;;
1838-12-01;;
1839-01-01;;
1839-02-01;;
1839-03-01;;
1839-04-01;;
1839-05-01;;
1839-06-01;;
1839-07-01;;
1839-08-01;;
1839-09-01;;
1839-10-01;;
1839-11-01;;
1839-12-01;;
1840-01-01;;
1840-02-01;;
1840-03-01;;
1840-04-01;;
1840-05-01;;
1840-06-01;;
1840-07-01;;
1840-08-01;;
1840-09-01;;
1840-10-01;;
1840-11-01;;
1840-12-01;;
1841-01-01;;
1841-02-01;;
1841-03-01;;
1841-04-01;;
1841-05-01;;
1841-06-01;;
1841-07-01;;
1841-08-01;;
1841-09-01;;
1841-10-01;;
1841-11-01;;
1841-12-01;;
1842-01-01;;
1842-02-01;;
1842-03-01;;
1842-04-01;;
1842-05-01;;
1842-06-01;;
1842-07-01;;
1842-08-01;;
1842-09-01;;
1842-10-01;;
1842-11-01;;
1842-12-01;;
1843-01-01;;
1843-02-01;;
1843-03-01;;
1843-04-01;;
1843-05-01;;
1843-06-01;;
1843-07-01;;
1843-08-01;;
1843-09-01;;
1843-10-01;;
1843-11-01;;
1843-12-01;;
1844-01-01;;
1844-02-01;;
1844-03-01;;
1844-04-01;;
1844-05-01;;
1844-06-01;;
1844-07-01;;
1844-08-01;;
1844-09-01;;
1844-10-01;;
1844-11-01;;
1844-12-01;;
1845-01-01;;
1845-02-01;;
1845-03-01;;
1845-04-01;;
1845-05-01;;
1845-06-01;;
1845-07-01;;
1845-08-01;;
1845-09-01;;
1845-10-01;;
1845-11-01;;
1845-12-01;;
1846-01-01;;
1846-02-01;;
1846-03-01;;
1846-04-01;;
1846-05-01;;
1846-06-01;;
1846-07-01;;
1846-08-01;;
1846-09-01;;
1846-10-01;;
1846-11-01;;
1846-12-01;;
1847-01-01;;
1847-02-01;;
1847-03-01;;
1847-04-01;;
1847-05-01;;
1847-06-01;;
1847-07-01;;
1847-08-01;;
1847-09-01;;
1847-10-01;;
1847-11-01;;
1847-12-01;;
1848-01-01;;
1848-02-01;;
1848-03-01;;
1848-04-01;;
1848-05-01;;
1848-06-01;;
1848-07-01;;
1848-08-01;;
1848-09-01;;
1848-10-01;;
1848-11-01;;
1848-12-01;;
1849-01-01;;
1849-02-01;;
1849-03-01;;
1849-04-01;;
1849-05-01;;
1849-06-01;;
1849-07-01;;
1849-08-01;;
1849-09-01;;
1849-10-01;;
1849-11-01;;
1849-12-01;;
1850-01-01;8.241999999999999;-3.2060000000000004
1850-02-01;9.97;-2.2910000000000004
1850-03-01;10.347;-1.905
1850-04-01;12.934;1.018
1850-05-01;15.655;3.811
1850-06-01;18.946;7.106
1850-07-01;19.233;8.014
1850-08-01;18.477;7.405999999999999
1850-09-01;15.846000000000002;4.533
1850-10-01;13.189;2.013
1850-11-01;11.388;-0.12
1850-12-01;7.492999999999999;-2.8070000000000004
1851-01-01;8.950999999999997;-2.443
1851-02-01;9.808;-1.507
1851-03-01;11.507;-0.7000000000000001
1851-04-01;14.236;2.331
1851-05-01;15.010000000000002;4.136
1851-06-01;17.287999999999997;6.3740000000000006
1851-07-01;17.102999999999998;7.425
1851-08-01;17.360999999999994;6.594999999999999
1851-09-01;16.360000000000007;5.525
1851-10-01;14.961;3.298
1851-11-01;7.951;-1.345
1851-12-01;6.436;-3.242
1852-01-01;8.474;-2.7550000000000003
1852-02-01;8.568999999999999;-2.337
1852-03-01;9.215;-2.491
1852-04-01;11.249;0.6469999999999998
1852-05-01;15.835;4.6240000000000006
1852-06-01;17.759999999999994;6.705
1852-07-01;17.795;7.57
1852-08-01;17.567;7.4289999999999985
1852-09-01;16.665000000000006;5.742000000000001
1852-10-01;14.849;2.813
1852-11-01;12.009;736
1852-12-01;10.781;-0.6390000000000001
1853-01-01;8.972000000000001;-2.818
1853-02-01;8.29;-3.213
1853-03-01;10.325;-1.966
1853-04-01;13.72;1.6549999999999998
1853-05-01;16.543000000000006;4.364000000000001
1853-06-01;18.611;6.944000000000001
1853-07-01;18.923;6.933
1853-08-01;19.308;7.273
1853-09-01;17.691000000000006;5.779
1853-10-01;14.757;1.85
1853-11-01;11.269;-0.0759999999999999
1853-12-01;8.23;-4.015
1854-01-01;8.786;-3.5520000000000005
1854-02-01;8.508;-4.109
1854-03-01;10.469;-1.413
1854-04-01;13.402;0.5659999999999998
1854-05-01;16.748;4.184
1854-06-01;18.188;6.492999999999999
1854-07-01;20.426;7.89
1854-08-01;19.291;7.302999999999999
1854-09-01;17.357000000000006;5.553999999999999
1854-10-01;15.341;3.033
1854-11-01;10.707;-1.406
1854-12-01;8.506;-3.397
1855-01-01;8.219999999999999;-3.125
1855-02-01;7.604;-4.947
1855-03-01;10.16;-1.865
1855-04-01;13.709;1.1409999999999998
1855-05-01;16.77;4.2860000000000005
1855-06-01;17.642;6.476
1855-07-01;18.467;7.691
1855-08-01;19.012;6.930999999999999
1855-09-01;17.078000000000007;5.499
1855-10-01;14.26;2.317
1855-11-01;11.117;-0.5170000000000001
1855-12-01;7.879;-3.4530000000000003
1856-01-01;7.297999999999999;-3.727
1856-02-01;8.294;-3.679
1856-03-01;10.327;-2.241
1856-04-01;14.387;1.242
1856-05-01;16.704;3.945
1856-06-01;18.326;6.879
1856-07-01;18.349;7.035
1856-08-01;18.386;6.767
1856-09-01;17.21;4.864
1856-10-01;14.128;1.979
1856-11-01;10.349;-1.433
1856-12-01;7.885;-3.33
1857-01-01;6.642;-5.407
1857-02-01;9.602;-1.92
1857-03-01;10.2;-1.0710000000000002
1857-04-01;13.107;0.8799999999999999
1857-05-01;15.6;3.639
1857-06-01;17.372;5.849
1857-07-01;18.717;7.438
1857-08-01;18.194000000000003;6.997999999999998
1857-09-01;17.223000000000006;5.146
1857-10-01;14.558;2.881
1857-11-01;10.527;-605
1857-12-01;9.509;-1.546
1858-01-01;9.044;-2.692
1858-02-01;7.829;-4.1480000000000015
1858-03-01;10.44;-1.4700000000000002
1858-04-01;13.912;1.041
1858-05-01;16.258000000000006;3.8640000000000008
1858-06-01;18.968;7.037999999999999
1858-07-01;18.561;7.888
1858-08-01;18.261;7.2639999999999985
1858-09-01;17.559;5.505
1858-10-01;15.071;3.688
1858-11-01;9.803;-0.6840000000000002
1858-12-01;8.49;-1.965
1859-01-01;8.074;-2.7
1859-02-01;8.968;-1.858
1859-03-01;11.16;-0.4580000000000001
1859-04-01;14.225;1.4340000000000002
1859-05-01;17.021;5.277
1859-06-01;18.285;7.057
1859-07-01;19.444000000000003;7.85
1859-08-01;19.201;7.964999999999999
1859-09-01;16.483;5.422999999999999
1859-10-01;14.235;2.968
1859-11-01;10.973;-0.0140000000000001
1859-12-01;8.254999999999999;-3.422
1860-01-01;9.771999999999998;-2.059
1860-02-01;8.747;-3.232
1860-03-01;11.821;-0.7140000000000001
1860-04-01;13.511;1.805
1860-05-01;16.822000000000006;4.792000000000002
1860-06-01;19.163;7.212999999999999
1860-07-01;18.566;7.45
1860-08-01;18.984;7.068999999999999
1860-09-01;16.892000000000003;5.5360000000000005
1860-10-01;13.677;2.906
1860-11-01;11.012;-111
1860-12-01;8.556000000000001;-2.5250000000000004
1861-01-01;7.7429999999999986;-3.256
1861-02-01;8.600999999999999;-3.055
1861-03-01;9.786;-2.007
1861-04-01;12.772;1.372
1861-05-01;15.401000000000002;3.858000000000001
1861-06-01;19.299;7.391
1861-07-01;19.37;7.803
1861-08-01;18.907;7.562999999999999
1861-09-01;17.769000000000005;5.988
1861-10-01;15.644;3.277
1861-11-01;12.044;0.41
1861-12-01;8.945;-2.191
1862-01-01;7.360999999999999;-4.11
1862-02-01;7.407;-4.346
1862-03-01;11.112;-1.314
1862-04-01;13.955;1.932
1862-05-01;17.854000000000006;5.675000000000002
1862-06-01;18.539;6.795
1862-07-01;20.663;9.21
1862-08-01;19.605;8.085999999999999
1862-09-01;18.042;6.122999999999999
1862-10-01;15.138;3.245
1862-11-01;11.889;0.2439999999999999
1862-12-01;9.402;-1.747
1863-01-01;8.462;-1.766
1863-02-01;8.908999999999997;-2.1100000000000003
1863-03-01;10.352;-853
1863-04-01;14.257;1.642
1863-05-01;16.999000000000002;5.917000000000002
1863-06-01;18.202;7.925000000000002
1863-07-01;18.095;8.307
1863-08-01;18.408;7.832999999999998
1863-09-01;15.910000000000002;5.439
1863-10-01;13.944;3.282
1863-11-01;11.351;0.1749999999999999
1863-12-01;8.55;-2.5860000000000003
1864-01-01;7.071000000000001;-3.848
1864-02-01;8.542;-2.8560000000000003
1864-03-01;11.747;-0.7250000000000001
1864-04-01;13.395;1.665
1864-05-01;16.908;4.849
1864-06-01;18.457;7.909000000000002
1864-07-01;18.831;7.412999999999999
1864-08-01;18.909;7.5459999999999985
1864-09-01;17.063000000000002;5.721
1864-10-01;15.047;3.2460000000000004
1864-11-01;12.502;0.6649999999999999
1864-12-01;8.555;-2.6630000000000003
1865-01-01;8.841000000000001;-3.212
1865-02-01;8.911;-3.117
1865-03-01;11.582;-0.5920000000000001
1865-04-01;14.276;1.793
1865-05-01;16.968;4.8740000000000006
1865-06-01;19.022;7.508999999999999
1865-07-01;19.108;8.163
1865-08-01;19.111;7.594999999999999
1865-09-01;17.840999999999998;5.789
1865-10-01;15.281;3.345
1865-11-01;12.418;992
1865-12-01;8.218;-2.5170000000000003
1866-01-01;8.187999999999999;-2.923
1866-02-01;9.636;-2.053
1866-03-01;10.824000000000002;-0.8809999999999999
1866-04-01;14.889;2.084
1866-05-01;16.817;4.582000000000002
1866-06-01;18.753;7.077000000000001
1866-07-01;20.369;8.183
1866-08-01;18.947;7.087999999999999
1866-09-01;17.508000000000006;5.807
1866-10-01;14.624;2.994
1866-11-01;10.76;182
1866-12-01;8.676;-2.9530000000000003
1867-01-01;8.136999999999999;-3.3080000000000003
1867-02-01;9.183;-2.172
1867-03-01;10.572;-1.195
1867-04-01;13.852;2.307
1867-05-01;16.21;4.665000000000001
1867-06-01;19.753;8.032
1867-07-01;20.032;8.387
1867-08-01;19.626;7.705999999999999
1867-09-01;17.566000000000006;5.9110000000000005
1867-10-01;15.374;3.705
1867-11-01;11.143;-0.7959999999999999
1867-12-01;8.312999999999999;-3.678
1868-01-01;7.611000000000001;-3.478
1868-02-01;8.817;-3.455
1868-03-01;11.411;-0.63
1868-04-01;13.316;1.138
1868-05-01;17.059;4.8610000000000015
1868-06-01;19.005;7.202999999999999
1868-07-01;20.504;8.702
1868-08-01;19.818;8.120999999999999
1868-09-01;17.988000000000003;5.726
1868-10-01;14.925;3.0860000000000003
1868-11-01;10.181;-0.3500000000000001
1868-12-01;8.54;-2.488
1869-01-01;8.206;-3.173
1869-02-01;9.618;-2.406
1869-03-01;11.012;-1.3119999999999998
1869-04-01;13.787;1.297
1869-05-01;17.279;4.3820000000000014
1869-06-01;18.871;7.1960000000000015
1869-07-01;19.825;7.732
1869-08-01;19.663;7.947999999999999
1869-09-01;17.561;5.377000000000001
1869-10-01;14.063;1.968
1869-11-01;10.418;-0.5090000000000001
1869-12-01;8.531;-2.519
1870-01-01;8.527000000000001;-3.3070000000000004
1870-02-01;8.544;-3.527
1870-03-01;9.692;-1.419
1870-04-01;14.287;1.5699999999999998
1870-05-01;18.068;5.33
1870-06-01;19.531;7.792999999999999
1870-07-01;20.29;8.850999999999997
1870-08-01;19.318;7.973999999999998
1870-09-01;17.017000000000003;5.456
1870-10-01;14.188;2.8480000000000003
1870-11-01;12.574000000000002;629
1870-12-01;8.485;-3.1
1871-01-01;7.962000000000001;-2.9370000000000003
1871-02-01;8.782;-3.0610000000000004
1871-03-01;11.047;-1.75
1871-04-01;13.97;1.89
1871-05-01;16.627000000000002;4.525
1871-06-01;19.127;7.4700000000000015
1871-07-01;19.837;7.927
1871-08-01;19.812;7.898
1871-09-01;17.394000000000002;5.037
1871-10-01;14.697;2.891
1871-11-01;10.639;-0.3169999999999999
1871-12-01;7.912000000000001;-3.677
1872-01-01;8.228;-3.228
1872-02-01;8.953;-3.26
1872-03-01;11.159;-2.156
1872-04-01;14.041;1.464
1872-05-01;17.369;5.046
1872-06-01;19.299;7.564
1872-07-01;19.705;7.883999999999999
1872-08-01;19.415;7.450999999999999
1872-09-01;17.718;5.938
1872-10-01;15.715;3.025
1872-11-01;11.293;-0.0609999999999999
1872-12-01;8.526;-3.418
1873-01-01;8.285;-3.4400000000000004
1873-02-01;8.591000000000001;-3.719
1873-03-01;11.105;-1.761
1873-04-01;13.983;1.069
1873-05-01;16.765;4.202
1873-06-01;19.006;6.783
1873-07-01;19.974;8.024
1873-08-01;19.241;7.446999999999999
1873-09-01;16.979000000000006;5.297999999999999
1873-10-01;14.431;2.386
1873-11-01;10.914;-0.8119999999999998
1873-12-01;8.847999999999997;-2.628
1874-01-01;7.382999999999999;-3.764
1874-02-01;7.962000000000001;-3.2300000000000004
1874-03-01;8.948;-1.942
1874-04-01;13.237;1.005
1874-05-01;16.969;4.667000000000002
1874-06-01;19.062;6.857
1874-07-01;19.82;7.487999999999999
1874-08-01;19.618;7.228999999999999
1874-09-01;17.704;5.632000000000001
1874-10-01;15.841;3.025
1874-11-01;10.563;-0.5490000000000002
1874-12-01;9.495;-1.6780000000000002
1875-01-01;6.678999999999999;-4.7170000000000005
1875-02-01;7.5219999999999985;-4.365
1875-03-01;10.673;-2.207
1875-04-01;13.759;1.1740000000000002
1875-05-01;17.509;4.163
1875-06-01;19.603;6.497000000000001
1875-07-01;20.534;7.872999999999998
1875-08-01;20.053;7.326999999999999
1875-09-01;17.713;5.172999999999999
1875-10-01;14.754;2.205
1875-11-01;10.56;-1.3509999999999998
1875-12-01;8.741999999999999;-2.402
1876-01-01;7.327000000000001;-3.325
1876-02-01;8.895;-3.095
1876-03-01;10.247;-1.711
1876-04-01;14.188;1.814
1876-05-01;16.783;4.7280000000000015
1876-06-01;18.888;6.7700000000000005
1876-07-01;19.855;7.891
1876-08-01;19.665;7.549999999999999
1876-09-01;17.667;5.687
1876-10-01;14.4;2.766
1876-11-01;10.498;-0.6530000000000002
1876-12-01;8.805;-2.806
1877-01-01;8.078999999999999;-3.1620000000000004
1877-02-01;9.755;-2.357
1877-03-01;10.782;-1.4780000000000002
1877-04-01;13.827;2.032
1877-05-01;16.802;5.022
1877-06-01;19.257;6.875
1877-07-01;20.733;8.18
1877-08-01;20.643;7.786
1877-09-01;17.930999999999997;5.9670000000000005
1877-10-01;14.324000000000002;2.704
1877-11-01;11.54;0.7889999999999999
1877-12-01;9.491;-0.5750000000000002
1878-01-01;8.277999999999999;-3.083
1878-02-01;9.483;-1.7140000000000002
1878-03-01;12.343;0.3609999999999999
1878-04-01;15.041;2.963
1878-05-01;16.945999999999998;5.090000000000002
1878-06-01;19.356;7.461
1878-07-01;20.299;8.582
1878-08-01;20.308;8.074
1878-09-01;17.827;6.1
1878-10-01;15.255;3.506
1878-11-01;12.502;0.6859999999999999
1878-12-01;9.268;-2.246
1879-01-01;8.558;-3.3110000000000004
1879-02-01;8.69;-3.0810000000000004
1879-03-01;10.686;-1.3890000000000002
1879-04-01;14.201;1.986
1879-05-01;16.752000000000002;4.5360000000000005
1879-06-01;19.022;7.018000000000002
1879-07-01;19.637;7.64
1879-08-01;19.125;7.289999999999999
1879-09-01;17.652;5.542000000000001
1879-10-01;14.744000000000002;2.747
1879-11-01;11.549;-0.5
1879-12-01;8.173;-3.531
1880-01-01;7.882999999999999;-3.37
1880-02-01;7.957000000000001;-3.767
1880-03-01;10.655;-1.814
1880-04-01;14.082;1.2979999999999998
1880-05-01;16.917;4.877000000000002
1880-06-01;19.29;6.597
1880-07-01;20.037;7.852
1880-08-01;19.502;7.555
1880-09-01;17.558000000000003;5.84
1880-10-01;14.567;2.8960000000000004
1880-11-01;10.826;-0.6540000000000001
1880-12-01;7.6869999999999985;-2.657
1881-01-01;7.3439999999999985;-3.687
1881-02-01;8.594;-2.813
1881-03-01;10.925999999999998;-1.131
1881-04-01;14.297;2.291
1881-05-01;17.283;5.263000000000001
1881-06-01;18.946;6.801
1881-07-01;20.295;8.334
1881-08-01;19.879;8.046999999999999
1881-09-01;17.430000000000003;5.876
1881-10-01;14.232;2.9360000000000004
1881-11-01;10.781;-203
1881-12-01;8.597999999999999;-2.5970000000000004
1882-01-01;8.392000000000001;-3.022
1882-02-01;8.754;-3.067
1882-03-01;10.794;-1.411
1882-04-01;13.713;1.7519999999999998
1882-05-01;16.830000000000002;4.8870000000000005
1882-06-01;18.941;7.032
1882-07-01;19.773;7.965
1882-08-01;19.832;7.8359999999999985
1882-09-01;17.769000000000005;5.891
1882-10-01;14.595999999999998;2.784
1882-11-01;11.404000000000002;-581
1882-12-01;8.573;-2.795
1883-01-01;7.063999999999999;-4.519
1883-02-01;7.54;-4.303000000000001
1883-03-01;10.123;-2.0940000000000003
1883-04-01;13.967;1.4680000000000002
1883-05-01;16.898;4.793
1883-06-01;20.049;7.303
1883-07-01;20.457;7.7189999999999985
1883-08-01;19.591;7.463999999999999
1883-09-01;17.663;5.299
1883-10-01;14.621;2.6710000000000003
1883-11-01;10.987;-436
1883-12-01;8.587;-2.803
1884-01-01;7.566999999999998;-4.118
1884-02-01;8.292;-3.841
1884-03-01;10.552;-2.444
1884-04-01;13.58;0.6990000000000001
1884-05-01;16.465999999999998;3.9890000000000008
1884-06-01;18.787;6.362
1884-07-01;19.569000000000003;7.468
1884-08-01;19.318;7.250999999999999
1884-09-01;17.365000000000002;5.365
1884-10-01;14.304;2.587
1884-11-01;10.464;-991
1884-12-01;8.041;-2.5540000000000003
1885-01-01;6.420999999999999;-4.621
1885-02-01;8.247;-3.438
1885-03-01;10.56;-2.023
1885-04-01;13.483;1.352
1885-05-01;16.704;4.202
1885-06-01;18.762;6.492000000000001
1885-07-01;20.205;7.627999999999999
1885-08-01;19.889;7.087000000000001
1885-09-01;17.317;5.28
1885-10-01;14.707;2.547
1885-11-01;11.488;-476
1885-12-01;9.156;-1.539
1886-01-01;7.023;-3.755
1886-02-01;8.015;-3.884
1886-03-01;10.568;-2.188
1886-04-01;14.085;1.367
1886-05-01;17.195999999999998;4.4220000000000015
1886-06-01;19.145;6.5600000000000005
1886-07-01;20.004;8.055
1886-08-01;19.344;7.449
1886-09-01;17.419;5.62
1886-10-01;14.735;2.58
1886-11-01;11.208;-0.71
1886-12-01;8.616;-1.862
1887-01-01;6.863999999999999;-4.678000000000001
1887-02-01;8.142999999999999;-4.0470000000000015
1887-03-01;10.828;-1.901
1887-04-01;13.936;1.524
1887-05-01;17.337;4.569000000000001
1887-06-01;18.431;6.513999999999999
1887-07-01;19.899;8.199
1887-08-01;19.177;7.390999999999999
1887-09-01;17.392000000000003;5.7010000000000005
1887-10-01;14.716;2.531
1887-11-01;11.66;-0.2640000000000001
1887-12-01;8.298;-2.656
1888-01-01;6.685999999999999;-4.299
1888-02-01;7.898;-3.555
1888-03-01;10.491;-2.039
1888-04-01;13.884;1.66
1888-05-01;16.329;4.187
1888-06-01;18.897;6.476
1888-07-01;20.063;7.77
1888-08-01;19.36;7.2879999999999985
1888-09-01;17.808000000000003;5.468999999999999
1888-10-01;14.783;2.951
1888-11-01;11.384;52
1888-12-01;9.327;-2.511
1889-01-01;7.377000000000001;-4.053000000000001
1889-02-01;8.814;-2.899
1889-03-01;11.628;-0.8079999999999999
1889-04-01;14.392;2.502
1889-05-01;17.19;5.032
1889-06-01;19.314;7.1960000000000015
1889-07-01;20.315;8.311
1889-08-01;19.732;7.614999999999998
1889-09-01;17.455000000000002;5.635
1889-10-01;14.902;2.608
1889-11-01;11.146;-0.5670000000000001
1889-12-01;9.264;-2.395
1890-01-01;7.6469999999999985;-4.24
1890-02-01;8.668;-3.764
1890-03-01;10.474;-2.1710000000000003
1890-04-01;13.672;1.641
1890-05-01;16.865000000000002;3.943000000000001
1890-06-01;18.703;6.707000000000002
1890-07-01;19.718;7.857
1890-08-01;19.325;7.146999999999999
1890-09-01;17.266000000000002;5.494
1890-10-01;14.747;3.367
1890-11-01;11.451;-1.043
1890-12-01;8.611;-2.729
1891-01-01;7.588999999999999;-4.011
1891-02-01;8.122;-4.465
1891-03-01;10.629;-1.449
1891-04-01;13.979;1.182
1891-05-01;16.645;4.317
1891-06-01;18.588;6.635000000000002
1891-07-01;19.849;7.818
1891-08-01;19.472;7.289999999999999
1891-09-01;17.649;5.704
1891-10-01;15.042;2.764
1891-11-01;11.033;-0.7809999999999999
1891-12-01;9.803;-2.138
1892-01-01;7.683;-3.93
1892-02-01;9.078;-3.253
1892-03-01;10.752;-1.931
1892-04-01;13.802;1.2049999999999998
1892-05-01;16.578000000000007;4.426
1892-06-01;19.003;6.86
1892-07-01;19.82;7.917000000000001
1892-08-01;19.264;7.447999999999999
1892-09-01;17.858;5.5520000000000005
1892-10-01;15.08;3.347
1892-11-01;10.432;-1.014
1892-12-01;8.297;-2.8470000000000004
1893-01-01;5.9;-5.3450000000000015
1893-02-01;7.616;-4.558
1893-03-01;11.066;-1.2520000000000002
1893-04-01;13.697;1.582
1893-05-01;16.812;4.489000000000001
1893-06-01;18.981;6.7810000000000015
1893-07-01;20.005;8.102
1893-08-01;19.448;7.321999999999999
1893-09-01;17.799000000000003;5.599
1893-10-01;15.185;3.099
1893-11-01;11.701;-143
1893-12-01;9.03;-2.79
1894-01-01;7.409999999999998;-4.0390000000000015
1894-02-01;8.898;-3.028
1894-03-01;11.086;-1.093
1894-04-01;13.793;1.472
1894-05-01;16.929000000000002;4.6110000000000015
1894-06-01;18.782;6.6030000000000015
1894-07-01;19.851;7.787999999999999
1894-08-01;19.326;7.363999999999999
1894-09-01;17.425;5.502999999999999
1894-10-01;15.042;2.997
1894-11-01;11.187;-0.4909999999999999
1894-12-01;8.757;-2.202
1895-01-01;6.960999999999999;-4.319
1895-02-01;8.18;-4.026
1895-03-01;10.838;-1.594
1895-04-01;14.509;1.915
1895-05-01;16.892000000000003;4.638999999999999
1895-06-01;19.059;6.905
1895-07-01;19.614;7.875
1895-08-01;19.471;7.167000000000001
1895-09-01;17.597;5.687
1895-10-01;15.159;2.878
1895-11-01;11.42;-11
1895-12-01;9.232;-2.206
1896-01-01;7.923999999999999;-3.4080000000000004
1896-02-01;8.447000000000001;-3.367
1896-03-01;10.469;-1.868
1896-04-01;13.586;1.225
1896-05-01;17.01;4.626
1896-06-01;19.34;6.863
1896-07-01;19.886;8.087
1896-08-01;19.572;7.274999999999999
1896-09-01;17.727;5.561
1896-10-01;15.35;3.212
1896-11-01;11.173;-0.4690000000000001
1896-12-01;8.811;-2.3600000000000003
1897-01-01;7.411999999999999;-3.5730000000000004
1897-02-01;8.148;-3.519
1897-03-01;10.442;-2.123
1897-04-01;14.293;1.74
1897-05-01;17.250999999999998;5.0680000000000005
1897-06-01;19.445;7.226
1897-07-01;20.297;8.312000000000001
1897-08-01;19.753;7.592
1897-09-01;17.918000000000006;5.901
1897-10-01;15.166;3.279
1897-11-01;11.616;-197
1897-12-01;8.5;-2.177
1898-01-01;8.35;-2.885
1898-02-01;8.238999999999999;-3.651
1898-03-01;10.174;-2.657
1898-04-01;14.459;1.49
1898-05-01;17.055999999999997;4.498
1898-06-01;19.452;7.067
1898-07-01;20.145;8.039
1898-08-01;19.628;7.656999999999999
1898-09-01;17.702;5.902
1898-10-01;14.69;2.8310000000000004
1898-11-01;11.444;-359
1898-12-01;9.443;-2.096
1899-01-01;8.443;-3.2620000000000005
1899-02-01;8.17;-3.442
1899-03-01;10.635;-1.5670000000000002
1899-04-01;14.438;2.074
1899-05-01;17.132;4.9670000000000005
1899-06-01;18.799;6.872000000000001
1899-07-01;20.168;7.9529999999999985
1899-08-01;19.598;7.645999999999999
1899-09-01;18.22300000000001;5.974
1899-10-01;15.317;3.551
1899-11-01;12.417;1.063
1899-12-01;8.639;-2.668
1900-01-01;7.193;-4.102
1900-02-01;9.181;-2.814
1900-03-01;11.377;-0.68
1900-04-01;13.972;2.131
1900-05-01;17.415000000000006;5.178999999999999
1900-06-01;19.434;7.112
1900-07-01;19.897;8.095
1900-08-01;19.85;7.891999999999999
1900-09-01;17.817999999999998;5.9670000000000005
1900-10-01;15.544;3.833
1900-11-01;11.527;121
1900-12-01;9.466;-1.826
1901-01-01;7.995999999999999;-3.491
1901-02-01;9.038;-2.678
1901-03-01;11.476;-644
1901-04-01;14.733;2.264
1901-05-01;17.315;4.855
1901-06-01;19.315;7.151000000000002
1901-07-01;20.34;8.161
1901-08-01;19.898;7.659999999999998
1901-09-01;17.929000000000006;5.819
1901-10-01;15.002;2.998
1901-11-01;12.043;0.0709999999999999
1901-12-01;9.061;-2.28
1902-01-01;8.796999999999997;-3.031
1902-02-01;9.814;-2.504
1902-03-01;11.166;-1.339
1902-04-01;13.884;1.5619999999999998
1902-05-01;16.986;4.5870000000000015
1902-06-01;19.338;6.894
1902-07-01;20.2;7.965
1902-08-01;19.884;7.449
1902-09-01;17.897000000000006;5.555
1902-10-01;14.811;2.759
1902-11-01;11.159;-0.46
1902-12-01;8.435;-2.992
1903-01-01;8.415;-3.1870000000000003
1903-02-01;9.297;-2.49
1903-03-01;10.963;-1.158
1903-04-01;13.958;1.6980000000000002
1903-05-01;16.672;4.5870000000000015
1903-06-01;18.897;6.723000000000001
1903-07-01;19.787;7.87
1903-08-01;19.298;7.557999999999999
1903-09-01;17.355999999999998;5.642
1903-10-01;14.634;2.895
1903-11-01;11.219;-0.0509999999999999
1903-12-01;8.533;-2.6870000000000003
1904-01-01;7.081999999999999;-3.86
1904-02-01;8.507;-3.583
1904-03-01;10.559;-1.575
1904-04-01;13.823;1.4280000000000002
1904-05-01;16.922;4.641
1904-06-01;19.092;6.7780000000000005
1904-07-01;19.678;7.777
1904-08-01;19.525;7.462000000000001
1904-09-01;17.465000000000003;5.361000000000001
1904-10-01;14.902;3.133
1904-11-01;11.997;0.5579999999999999
1904-12-01;9.212;-2.067
1905-01-01;8.017000000000001;-3.3240000000000003
1905-02-01;7.7349999999999985;-3.951
1905-03-01;10.466;-1.308
1905-04-01;13.622;1.493
1905-05-01;16.945999999999998;4.819000000000001
1905-06-01;19.11;6.944000000000001
1905-07-01;19.877;8.038
1905-08-01;19.619;7.719999999999999
1905-09-01;17.684;5.928
1905-10-01;14.866;3.117
1905-11-01;11.984000000000002;574
1905-12-01;9.06;-1.931
1906-01-01;8.086;-3.637000000000001
1906-02-01;8.125;-3.343
1906-03-01;11.008;-1.229
1906-04-01;14.786;2.422
1906-05-01;17.146;4.9220000000000015
1906-06-01;19.287;7.275
1906-07-01;20.058;8.186
1906-08-01;19.539;7.842999999999999
1906-09-01;17.522000000000002;5.884
1906-10-01;14.943;3.479
1906-11-01;11.17;-0.3009999999999999
1906-12-01;9.258;-1.664
1907-01-01;7.903;-3.867
1907-02-01;7.9929999999999986;-3.603
1907-03-01;10.61;-1.6
1907-04-01;13.401;1.521
1907-05-01;16.335;4.0840000000000005
1907-06-01;18.576;6.509
1907-07-01;19.626;7.761
1907-08-01;19.187;7.464999999999999
1907-09-01;17.442999999999998;5.59
1907-10-01;15.079;3.32
1907-11-01;10.71;-0.5570000000000002
1907-12-01;8.831;-2.585
1908-01-01;8.117999999999999;-3.548
1908-02-01;8.527000000000001;-3.177
1908-03-01;10.384;-2.101
1908-04-01;13.853;1.735
1908-05-01;16.958000000000002;4.86
1908-06-01;19.063;6.902
1908-07-01;19.748;8.113
1908-08-01;19.359;7.499
1908-09-01;17.781000000000006;5.977
1908-10-01;14.675;2.948
1908-11-01;11.098;-0.5760000000000001
1908-12-01;8.901;-2.535
1909-01-01;7.121;-4.298
1909-02-01;8.571;-3.447
1909-03-01;10.659;-1.6769999999999998
1909-04-01;13.425999999999998;1.395
1909-05-01;16.668000000000006;4.380000000000001
1909-06-01;18.71;6.766
1909-07-01;19.787;8.05
1909-08-01;19.625;7.752999999999999
1909-09-01;17.891000000000005;5.778
1909-10-01;15.139;3.221
1909-11-01;11.959;0.3229999999999999
1909-12-01;8.763;-2.353
1910-01-01;8.094999999999999;-3.2700000000000005
1910-02-01;8.388;-3.2260000000000004
1910-03-01;10.781;-1.675
1910-04-01;14.37;1.704
1910-05-01;17.03;4.675000000000002
1910-06-01;19.027;6.871
1910-07-01;19.952;8.205
1910-08-01;19.425;7.605999999999999
1910-09-01;17.623;5.6690000000000005
1910-10-01;14.905;2.986
1910-11-01;11.072;-0.6540000000000001
1910-12-01;8.5;-2.999
1911-01-01;7.132999999999999;-3.969
1911-02-01;8.15;-3.664
1911-03-01;10.362;-1.743
1911-04-01;14.081;1.856
1911-05-01;16.71;4.6320000000000014
1911-06-01;19.091;6.7780000000000005
1911-07-01;19.987;8.052999999999999
1911-08-01;19.396;7.606999999999998
1911-09-01;17.491000000000003;5.723
1911-10-01;14.99;3.401
1911-11-01;11.652;0.3089999999999999
1911-12-01;8.811;-1.981
1912-01-01;7.911;-3.305
1912-02-01;9.379;-2.718
1912-03-01;10.725;-1.981
1912-04-01;14.069;2.091
1912-05-01;17.389000000000006;4.992000000000001
1912-06-01;19.351;7.166
1912-07-01;19.729;7.915999999999999
1912-08-01;19.027;7.276999999999999
1912-09-01;17.435000000000002;5.227
1912-10-01;14.133;2.497
1912-11-01;11.185;-0.2909999999999999
1912-12-01;8.307;-2.459
1913-01-01;7.6549999999999985;-3.657
1913-02-01;8.232999999999999;-3.4850000000000003
1913-03-01;10.4;-1.597
1913-04-01;14.219;1.91
1913-05-01;16.815;4.652
1913-06-01;19.075;6.667000000000002
1913-07-01;20.256;7.967
1913-08-01;19.805;7.7349999999999985
1913-09-01;17.833000000000006;5.629
1913-10-01;14.904000000000002;3.091
1913-11-01;11.67;347
1913-12-01;9.556;-1.4300000000000002
1914-01-01;8.822000000000001;-2.334
1914-02-01;8.501999999999999;-2.551
1914-03-01;11.039;-1.31
1914-04-01;14.050999999999998;1.888
1914-05-01;17.199;5.2330000000000005
1914-06-01;19.335;7.218999999999999
1914-07-01;20.065;8.182
1914-08-01;19.692;7.869999999999999
1914-09-01;17.747000000000003;5.8660000000000005
1914-10-01;15.271;3.567
1914-11-01;11.287;0.2389999999999999
1914-12-01;8.764;-1.624
1915-01-01;7.901;-3.4160000000000004
1915-02-01;8.931000000000001;-2.52
1915-03-01;11.024;-1.115
1915-04-01;14.607;2.755
1915-05-01;17.141000000000002;5.371
1915-06-01;19.189;7.154
1915-07-01;20.553;8.455
1915-08-01;19.997;7.757999999999999
1915-09-01;17.811;6.037999999999999
1915-10-01;14.862;3.017
1915-11-01;12.159;297
1915-12-01;9.515;-2.069
1916-01-01;8.309;-2.927
1916-02-01;8.855;-3.024
1916-03-01;10.961;-1.584
1916-04-01;14.095999999999998;1.918
1916-05-01;17.084;4.7940000000000005
1916-06-01;18.91;6.867000000000001
1916-07-01;20.012;8.184
1916-08-01;19.484;7.754
1916-09-01;17.634;5.725
1916-10-01;14.763;3.156
1916-11-01;11.22;-0.3109999999999999
1916-12-01;7.837999999999999;-3.402
1917-01-01;7.847999999999999;-3.782
1917-02-01;8.334;-3.771
1917-03-01;10.552;-1.983
1917-04-01;13.932;1.689
1917-05-01;16.421000000000006;4.3050000000000015
1917-06-01;18.889;6.792000000000002
1917-07-01;20.083;8.377
1917-08-01;19.568;7.544999999999999
1917-09-01;17.669;5.796
1917-10-01;14.425999999999998;2.64
1917-11-01;11.686;57
1917-12-01;7.702999999999999;-3.43
1918-01-01;7.552;-3.802000000000001
1918-02-01;8.256;-3.568
1918-03-01;10.704;-1.267
1918-04-01;13.706;1.426
1918-05-01;16.48;4.386
1918-06-01;18.731;6.772
1918-07-01;19.916;7.896
1918-08-01;19.326;7.491999999999999
1918-09-01;17.999000000000006;5.8
1918-10-01;15.332;3.5780000000000003
1918-11-01;11.265;142
1918-12-01;8.266;-2.627
1919-01-01;7.648999999999999;-3.3960000000000004
1919-02-01;8.626999999999999;-2.9960000000000004
1919-03-01;10.714;-1.5470000000000002
1919-04-01;14.412;2.441
1919-05-01;16.701;4.881
1919-06-01;19.017;7.102
1919-07-01;20.146;8.264
1919-08-01;19.804;7.842
1919-09-01;17.887;6.126
1919-10-01;15.005;3.522
1919-11-01;11.158;-0.4310000000000001
1919-12-01;8.756;-2.395
1920-01-01;8.443999999999999;-2.942
1920-02-01;8.266;-3.109
1920-03-01;11.034;-782
1920-04-01;14.140999999999998;2.164
1920-05-01;17.145;5.126
1920-06-01;18.9;7.057
1920-07-01;20.121;8.299
1920-08-01;19.647;7.7719999999999985
1920-09-01;17.810000000000006;5.85
1920-10-01;14.852;3.1
1920-11-01;11.127;-123
1920-12-01;8.225;-3.063
1921-01-01;8.737;-2.709
1921-02-01;9.17;-2.8160000000000003
1921-03-01;10.928;-931
1921-04-01;14.327;2.252
1921-05-01;17.255000000000006;5.152
1921-06-01;19.36;7.383999999999999
1921-07-01;20.42;8.424
1921-08-01;19.468;7.600999999999999
1921-09-01;17.785;5.996
1921-10-01;15.124;3.446
1921-11-01;11.362;0.2
1921-12-01;9.157;-1.874
1922-01-01;7.603;-3.428
1922-02-01;8.234;-3.684
1922-03-01;11.248;-1.1880000000000002
1922-04-01;14.521;2.156
1922-05-01;16.912000000000006;4.9830000000000005
1922-06-01;19.153;7.266
1922-07-01;20.098;8.241
1922-08-01;19.475;7.598999999999998
1922-09-01;17.660999999999998;5.754
1922-10-01;14.975;3.134
1922-11-01;11.615;232
1922-12-01;8.968;-1.865
1923-01-01;8.209999999999999;-3.1950000000000003
1923-02-01;8.298;-3.172
1923-03-01;10.786;-1.256
1923-04-01;13.64;1.602
1923-05-01;16.825000000000006;4.790000000000001
1923-06-01;19.056;7.138999999999999
1923-07-01;19.81;8.012
1923-08-01;19.445;7.645
1923-09-01;17.783;5.816
1923-10-01;15.188;3.523
1923-11-01;11.871;474
1923-12-01;9.269;-1.903
1924-01-01;7.911999999999999;-3.502
1924-02-01;8.609;-3.0250000000000004
1924-03-01;11.239999999999998;-0.8059999999999999
1924-04-01;13.857;1.722
1924-05-01;17.185000000000002;4.905
1924-06-01;19.195;7.085000000000001
1924-07-01;20.057;8.161
1924-08-01;19.519;7.584999999999999
1924-09-01;17.783;6.024
1924-10-01;14.896;3.29
1924-11-01;11.794;0.6559999999999999
1924-12-01;8.639;-2.021
1925-01-01;7.483999999999999;-3.1790000000000003
1925-02-01;8.51;-3.314
1925-03-01;11.133;-1.14
1925-04-01;14.538;2.178
1925-05-01;17.032;4.828
1925-06-01;19.041;6.882999999999999
1925-07-01;19.971;8.047
1925-08-01;19.737;7.723999999999998
1925-09-01;17.874000000000006;6.007999999999999
1925-10-01;14.889;3.287
1925-11-01;11.912;0.6459999999999999
1925-12-01;10.011;-1.4700000000000002
1926-01-01;8.785;-2.2220000000000004
1926-02-01;9.503;-2.307
1926-03-01;11.593;-234
1926-04-01;14.095;2.006
1926-05-01;16.688000000000002;4.806
1926-06-01;19.214;7.0790000000000015
1926-07-01;19.998;8.058
1926-08-01;19.695;7.915999999999999
1926-09-01;17.816000000000006;6.15
1926-10-01;15.474;3.6010000000000004
1926-11-01;11.936;618
1926-12-01;8.629999999999999;-2.248
1927-01-01;7.935;-3.5120000000000005
1927-02-01;8.67;-2.866
1927-03-01;10.565;-1.495
1927-04-01;14.007;1.852
1927-05-01;16.998;4.873
1927-06-01;19.136;7.106
1927-07-01;20.237;8.283999999999999
1927-08-01;19.529;7.696999999999999
1927-09-01;18.109;6.26
1927-10-01;15.627;4.02
1927-11-01;12.072;596
1927-12-01;8.689;-2.3920000000000003
1928-01-01;8.290999999999999;-2.631
1928-02-01;9.04;-2.609
1928-03-01;10.892;-1.247
1928-04-01;14.193;2.046
1928-05-01;17.060000000000002;4.981000000000001
1928-06-01;18.856;7.045
1928-07-01;20.005;8.189
1928-08-01;19.522;7.797999999999999
1928-09-01;17.980999999999998;6.02
1928-10-01;15.387;3.549
1928-11-01;11.933;629
1928-12-01;9.186;-1.751
1929-01-01;7.479999999999999;-3.66
1929-02-01;7.837999999999999;-3.883
1929-03-01;10.982;-1.131
1929-04-01;14.08;1.842
1929-05-01;16.906000000000002;4.784000000000002
1929-06-01;18.65;6.908
1929-07-01;19.652;8.012
1929-08-01;19.548;7.696999999999999
1929-09-01;17.598000000000006;5.926
1929-10-01;15.217;3.686
1929-11-01;11.757;377
1929-12-01;7.769;-2.9450000000000003
1930-01-01;7.669999999999999;-3.169
1930-02-01;8.9;-2.8520000000000003
1930-03-01;11.539;-0.5710000000000001
1930-04-01;14.017;2.072
1930-05-01;16.87;5.016
1930-06-01;19.071;7.295
1930-07-01;20.252;8.415
1930-08-01;19.803;7.995999999999999
1930-09-01;17.754;5.935
1930-10-01;14.941;3.587
1930-11-01;12.032;0.8919999999999999
1930-12-01;9.066;-1.736
1931-01-01;8.059;-2.897
1931-02-01;8.218;-3.123
1931-03-01;11.194;-1.006
1931-04-01;14.079;2.025
1931-05-01;16.805;4.9510000000000005
1931-06-01;19.419;7.489000000000001
1931-07-01;20.399;8.665
1931-08-01;19.961;8.189
1931-09-01;18.078000000000007;6.485
1931-10-01;15.718;4.073
1931-11-01;11.63;0.5449999999999999
1931-12-01;9.477;-1.5730000000000002
1932-01-01;9.159;-2.0540000000000003
1932-02-01;8.797;-3.2300000000000004
1932-03-01;10.934;-1.164
1932-04-01;14.644;2.599
1932-05-01;16.865000000000002;5.2250000000000005
1932-06-01;19.114;7.257999999999999
1932-07-01;20.093;8.416
1932-08-01;19.5;7.916999999999999
1932-09-01;18.216;6.34
1932-10-01;15.424;3.9
1932-11-01;11.550999999999998;14
1932-12-01;8.888;-2.071
1933-01-01;7.379;-3.4530000000000003
1933-02-01;8.350999999999999;-3.318
1933-03-01;10.774;-1.27
1933-04-01;14.046;2.003
1933-05-01;16.845000000000002;4.988
1933-06-01;19.036;7.001
1933-07-01;20.037;8.295
1933-08-01;19.635;7.858
1933-09-01;17.631;6.055
1933-10-01;15.172;3.374
1933-11-01;11.578;0.0929999999999999
1933-12-01;8.456;-2.533
1934-01-01;7.994999999999999;-3.131
1934-02-01;9.504;-2.1910000000000003
1934-03-01;10.835;-1.382
1934-04-01;13.996;1.853
1934-05-01;17.533;5.260000000000002
1934-06-01;19.183;7.4220000000000015
1934-07-01;20.14;8.472000000000001
1934-08-01;19.534;8.01
1934-09-01;17.505000000000006;5.899
1934-10-01;15.371;3.629
1934-11-01;11.736;978
1934-12-01;9.279;-1.62
1935-01-01;7.736999999999999;-3.618
1935-02-01;9.944;-1.717
1935-03-01;11.343;-802
1935-04-01;13.81;1.551
1935-05-01;16.880000000000006;4.755000000000001
1935-06-01;19.1;7.1930000000000005
1935-07-01;20.173;8.437999999999999
1935-08-01;19.657;7.830999999999999
1935-09-01;17.896;6.042000000000001
1935-10-01;15.379;3.7
1935-11-01;10.849;-0.23
1935-12-01;8.675;-2.09
1936-01-01;7.805999999999999;-3.53
1936-02-01;8.253;-3.458
1936-03-01;11.032;-1.154
1936-04-01;14.082;1.976
1936-05-01;17.076;5.23
1936-06-01;19.171;7.287999999999999
1936-07-01;20.443;8.704
1936-08-01;19.691;7.9289999999999985
1936-09-01;17.91;6.064
1936-10-01;15.316;3.658
1936-11-01;11.814;407
1936-12-01;9.181;-1.4409999999999998
1937-01-01;7.879;-3.216
1937-02-01;9.237;-2.387
1937-03-01;10.731;-1.413
1937-04-01;14.025;2.001
1937-05-01;17.358;5.1690000000000005
1937-06-01;19.558;7.4540000000000015
1937-07-01;20.154;8.41
1937-08-01;19.85;8.145
1937-09-01;18.377;6.419
1937-10-01;15.635;4.002
1937-11-01;11.913;612
1937-12-01;8.999;-2.196
1938-01-01;8.415999999999999;-2.5970000000000004
1938-02-01;9.138;-2.518
1938-03-01;11.616;-0.4310000000000001
1938-04-01;14.984000000000002;2.968
1938-05-01;17.429000000000002;5.4270000000000005
1938-06-01;18.989;7.417999999999999
1938-07-01;20.249;8.612
1938-08-01;19.85;8.097000000000001
1938-09-01;18.311;6.468
1938-10-01;15.734000000000002;3.984
1938-11-01;12.161;969
1938-12-01;8.922;-2.0010000000000003
1939-01-01;8.53;-2.7710000000000004
1939-02-01;9.048;-2.535
1939-03-01;10.836;-1.1
1939-04-01;14.44;2.271
1939-05-01;17.489;5.362
1939-06-01;19.47;7.510000000000002
1939-07-01;20.26;8.616999999999999
1939-08-01;19.807;8.011000000000001
1939-09-01;17.922;5.907
1939-10-01;14.963;3.479
1939-11-01;11.742;0.5549999999999999
1939-12-01;10.629;-0.7380000000000001
1940-01-01;7.941999999999998;-3.35
1940-02-01;9.25;-2.488
1940-03-01;11.402;-622
1940-04-01;14.793;2.722
1940-05-01;17.273;5.202000000000001
1940-06-01;19.501;7.532
1940-07-01;20.408;8.51
1940-08-01;19.662;7.9369999999999985
1940-09-01;18.186;6.377000000000001
1940-10-01;15.273;3.762
1940-11-01;11.667;0.52
1940-12-01;9.592;-1.418
1941-01-01;8.347999999999999;-3.01
1941-02-01;9.439;-2.234
1941-03-01;11.152;-901
1941-04-01;14.429;2.616
1941-05-01;17.259;5.582000000000002
1941-06-01;19.447;7.6960000000000015
1941-07-01;20.578000000000003;8.738999999999999
1941-08-01;19.853;8.133999999999999
1941-09-01;17.813000000000006;5.973
1941-10-01;15.504;3.988
1941-11-01;11.536;265
1941-12-01;9.076;-1.87
1942-01-01;8.715;-2.609
1942-02-01;8.544;-2.883
1942-03-01;11.264;-0.7709999999999999
1942-04-01;14.453;2.401
1942-05-01;17.195999999999998;5.3980000000000015
1942-06-01;19.417;7.721
1942-07-01;20.107;8.516
1942-08-01;19.603;8.042
1942-09-01;18.143;6.151
1942-10-01;15.452;3.864
1942-11-01;12.149;0.6849999999999999
1942-12-01;9.368;-1.4740000000000002
1943-01-01;8.017000000000001;-3.2830000000000004
1943-02-01;9.468;-2.37
1943-03-01;11.123;-812
1943-04-01;14.654000000000002;2.719
1943-05-01;17.401;5.5230000000000015
1943-06-01;19.036;7.314
1943-07-01;20.394;8.503
1943-08-01;19.68;7.985999999999999
1943-09-01;18.029000000000003;6.325
1943-10-01;15.859000000000002;4.0680000000000005
1943-11-01;11.87;0.5920000000000001
1943-12-01;9.705;-1.3259999999999998
1944-01-01;9.037;-1.9290000000000005
1944-02-01;9.407;-2.123
1944-03-01;11.517;-0.4
1944-04-01;14.577;2.337
1944-05-01;17.483;5.327999999999999
1944-06-01;19.508;7.491
1944-07-01;20.493;8.652000000000001
1944-08-01;20.108;8.075999999999999
1944-09-01;18.453000000000007;6.614
1944-10-01;15.732;4.032
1944-11-01;11.515;607
1944-12-01;8.895999999999997;-1.969
1945-01-01;8.126999999999999;-2.907
1945-02-01;8.373;-3.044
1945-03-01;11.182;-898
1945-04-01;14.727;2.6010000000000004
1945-05-01;17.214000000000002;5.008
1945-06-01;19.407;7.366
1945-07-01;20.142;8.352
1945-08-01;20.189;8.412999999999998
1945-09-01;18.078000000000007;6.414
1945-10-01;15.458;3.83
1945-11-01;11.697;0.47
1945-12-01;8.671;-2.337
1946-01-01;8.484;-2.547
1946-02-01;9.259;-2.389
1946-03-01;11.244000000000002;-0.8390000000000001
1946-04-01;14.909;2.7110000000000003
1946-05-01;17.275000000000002;5.323
1946-06-01;19.086;7.197
1946-07-01;20.265;8.427
1946-08-01;19.783;7.997999999999998
1946-09-01;17.921000000000006;6.263999999999999
1946-10-01;15.175;3.577
1946-11-01;11.863;0.5549999999999999
1946-12-01;8.514;-2.31
1947-01-01;8.109;-2.992
1947-02-01;9.045;-2.668
1947-03-01;11.8;-367
1947-04-01;14.734000000000002;2.738
1947-05-01;17.266000000000002;5.263000000000001
1947-06-01;19.361;7.452000000000001
1947-07-01;20.126;8.35
1947-08-01;19.541;8.001999999999999
1947-09-01;17.959000000000003;6.355
1947-10-01;15.797;4.313
1947-11-01;11.925999999999998;913
1947-12-01;9.086;-1.784
1948-01-01;9.136;-2.3520000000000003
1948-02-01;9.034;-2.613
1948-03-01;10.852;-1.039
1948-04-01;14.384;2.617
1948-05-01;17.592000000000002;5.5150000000000015
1948-06-01;19.614;7.585
1948-07-01;20.334;8.625
1948-08-01;19.87;7.964999999999999
1948-09-01;18.217;6.209
1948-10-01;15.52;3.812
1948-11-01;11.853;691
1948-12-01;8.981;-2.03
1949-01-01;8.837;-2.4280000000000004
1949-02-01;8.517999999999999;-3.003
1949-03-01;10.981;-773
1949-04-01;14.41;2.364
1949-05-01;17.195999999999998;5.444000000000001
1949-06-01;19.064;7.388999999999999
1949-07-01;20.128;8.297
1949-08-01;19.77;8.004
1949-09-01;17.969;6.0520000000000005
1949-10-01;15.439;3.719
1949-11-01;11.821;453
1949-12-01;8.843;-1.892
1950-01-01;7.611000000000001;-3.622
1950-02-01;8.475;-3.013
1950-03-01;11.173;-0.6930000000000001
1950-04-01;14.157;2.043
1950-05-01;17.252000000000002;5.421
1950-06-01;19.29;7.501
1950-07-01;19.882;8.417
1950-08-01;19.39;7.728999999999999
1950-09-01;17.737000000000005;6.205
1950-10-01;14.918;3.452
1950-11-01;11.077;-0.4259999999999999
1950-12-01;9.123;-2.071
1951-01-01;7.77;-3.5210000000000004
1951-02-01;8.163;-3.661
1951-03-01;11.074000000000002;-1.0870000000000002
1951-04-01;14.538;2.191
1951-05-01;17.371000000000002;5.376
1951-06-01;19.16;7.312
1951-07-01;20.225;8.416
1951-08-01;19.81;8.033
1951-09-01;18.362;6.4270000000000005
1951-10-01;15.149;4.047
1951-11-01;11.752;457
1951-12-01;9.788;-1.162
1952-01-01;8.655999999999999;-2.579
1952-02-01;9.113;-2.4250000000000003
1952-03-01;10.96;-1.193
1952-04-01;14.565;2.445
1952-05-01;17.289;5.394
1952-06-01;19.426;7.626
1952-07-01;20.416;8.754
1952-08-01;19.753;8.161
1952-09-01;18.109;6.379
1952-10-01;15.032;3.294
1952-11-01;11.017;-164
1952-12-01;9.215;-1.85
1953-01-01;8.540999999999999;-2.629
1953-02-01;9.51;-2.1820000000000004
1953-03-01;11.677;-0.22
1953-04-01;14.813;2.9130000000000003
1953-05-01;17.358;5.53
1953-06-01;19.461;7.749
1953-07-01;20.254;8.565
1953-08-01;19.803;8.25
1953-09-01;18.145000000000003;6.287999999999999
1953-10-01;15.367;3.908
1953-11-01;11.376;419
1953-12-01;9.366;-1.2990000000000002
1954-01-01;7.672999999999999;-3.5810000000000004
1954-02-01;8.863;-2.6740000000000004
1954-03-01;11.148;-865
1954-04-01;13.973;2.424
1954-05-01;16.784000000000002;5.1960000000000015
1954-06-01;19.213;7.62
1954-07-01;20.015;8.543
1954-08-01;19.588;8.184
1954-09-01;17.852;6.367999999999999
1954-10-01;15.26;3.902
1954-11-01;12.155;1.046
1954-12-01;8.915;-1.773
1955-01-01;8.914;-2.028
1955-02-01;8.966000000000001;-2.71
1955-03-01;10.377;-1.4269999999999998
1955-04-01;13.914;2.2230000000000003
1955-05-01;17.110000000000007;5.504
1955-06-01;19.218;7.735
1955-07-01;19.959;8.579
1955-08-01;19.857;8.302999999999999
1955-09-01;17.859;6.405
1955-10-01;15.446;3.923
1955-11-01;11.527;0.0839999999999999
1955-12-01;8.802;-2.254
1956-01-01;7.909;-3.055
1956-02-01;8.555;-3.131
1956-03-01;10.836;-1.028
1956-04-01;13.848;2.043
1956-05-01;16.734;5.083
1956-06-01;18.939;7.309
1956-07-01;19.952;8.603
1956-08-01;18.967;7.512999999999999
1956-09-01;17.500999999999998;5.872000000000001
1956-10-01;14.667;3.173
1956-11-01;11.414;134
1956-12-01;8.962;-1.775
1957-01-01;8.004999999999999;-2.97
1957-02-01;8.708;-2.51
1957-03-01;10.986;-916
1957-04-01;14.094;2.426
1957-05-01;17.054000000000002;5.4300000000000015
1957-06-01;19.473;7.811
1957-07-01;19.828;8.382
1957-08-01;19.792;8.263
1957-09-01;18.065;6.407
1957-10-01;15.049;3.801
1957-11-01;11.849;831
1957-12-01;9.68;-943
1958-01-01;8.977;-1.7720000000000002
1958-02-01;9.546;-1.949
1958-03-01;11.321;-0.5489999999999999
1958-04-01;14.392;2.57
1958-05-01;17.355;5.625
1958-06-01;19.028;7.427
1958-07-01;20.121;8.839
1958-08-01;19.399;8.048
1958-09-01;17.549000000000003;6.204
1958-10-01;15.094;3.742
1958-11-01;11.718;746
1958-12-01;9.23;-1.5570000000000002
1959-01-01;8.389999999999999;-2.406
1959-02-01;9.004;-2.225
1959-03-01;11.728;-71
1959-04-01;14.752;2.807
1959-05-01;17.164;5.5360000000000005
1959-06-01;19.379;7.747999999999999
1959-07-01;20.236;8.854
1959-08-01;19.532;8.321
1959-09-01;17.663;6.343999999999999
1959-10-01;14.767;3.5860000000000003
1959-11-01;11.261;302
1959-12-01;9.122;-1.493
1960-01-01;8.222000000000001;-2.623
1960-02-01;9.748;-1.92
1960-03-01;10.216;-1.6769999999999998
1960-04-01;13.955;2.229
1960-05-01;16.71;5.0440000000000005
1960-06-01;19.306;7.729
1960-07-01;19.884;8.491999999999999
1960-08-01;19.604;8.241999999999999
1960-09-01;17.855999999999998;6.497999999999999
1960-10-01;15.235;3.8
1960-11-01;11.433;355
1960-12-01;9.64;-978
1961-01-01;8.379999999999999;-2.383
1961-02-01;9.299;-1.895
1961-03-01;11.478;-0.2710000000000001
1961-04-01;14.497;2.817
1961-05-01;17.592000000000002;5.729
1961-06-01;19.598;7.796
1961-07-01;20.014;8.664
1961-08-01;19.606;8.229999999999999
1961-09-01;17.987000000000005;6.525
1961-10-01;15.057;3.508
1961-11-01;11.655;0.74
1961-12-01;9.016;-1.915
1962-01-01;8.657;-2.5090000000000003
1962-02-01;9.547;-2.045
1962-03-01;11.537;-416
1962-04-01;14.473;2.576
1962-05-01;17.040000000000006;5.195
1962-06-01;19.35;7.456
1962-07-01;20.054;8.451
1962-08-01;19.553;7.940999999999999
1962-09-01;17.845000000000006;6.313
1962-10-01;15.226;3.774
1962-11-01;11.775;0.7969999999999999
1962-12-01;9.425;-1.4300000000000002
1963-01-01;8.671;-2.6790000000000003
1963-02-01;9.95;-1.685
1963-03-01;11.043;-895
1963-04-01;13.914;2.35
1963-05-01;16.819000000000006;5.234
1963-06-01;19.276;7.604
1963-07-01;20.229;8.797
1963-08-01;20.009;8.471
1963-09-01;18.306;6.724
1963-10-01;15.716;4.3260000000000005
1963-11-01;12.068;1.31
1963-12-01;9.346;-1.666
1964-01-01;8.383999999999999;-2.5490000000000004
1964-02-01;8.791;-2.613
1964-03-01;10.97;-1.152
1964-04-01;13.794;2.152
1964-05-01;16.801000000000002;5.202000000000001
1964-06-01;19.275;7.536
1964-07-01;20.065;8.572000000000001
1964-08-01;19.386;8.049999999999999
1964-09-01;17.394000000000002;6.11
1964-10-01;14.654000000000002;3.218
1964-11-01;11.609000000000002;483
1964-12-01;8.759;-1.783
1965-01-01;8.418;-2.526
1965-02-01;8.907;-2.822
1965-03-01;11.22;-0.7350000000000001
1965-04-01;13.841;2.168
1965-05-01;17.168000000000006;5.2620000000000005
1965-06-01;19.126;7.483
1965-07-01;19.869;8.376
1965-08-01;19.583;8.184
1965-09-01;17.407;6.096
1965-10-01;15.11;3.8
1965-11-01;11.337;354
1965-12-01;9.235;-1.543
1966-01-01;8.049;-3.0410000000000004
1966-02-01;9.004999999999997;-2.4210000000000003
1966-03-01;11.296;-0.42
1966-04-01;13.951;2.331
1966-05-01;17.07;5.189
1966-06-01;19.378;7.723000000000001
1966-07-01;20.392;8.823
1966-08-01;19.627;8.087
1966-09-01;18.028;6.482
1966-10-01;14.777;3.555
1966-11-01;11.58;412
1966-12-01;8.758;-1.927
1967-01-01;8.395;-2.869
1967-02-01;8.619;-2.772
1967-03-01;11.222;-356
1967-04-01;14.376;2.5
1967-05-01;17.505000000000006;5.784000000000002
1967-06-01;18.911;7.445
1967-07-01;20.142;8.706
1967-08-01;19.593;8.171999999999999
1967-09-01;17.852;6.269
1967-10-01;15.479;4.178
1967-11-01;11.505;0.8079999999999999
1967-12-01;9.279;-1.4200000000000002
1968-01-01;7.866999999999999;-3.0620000000000003
1968-02-01;8.879999999999997;-2.319
1968-03-01;11.907;0.2849999999999999
1968-04-01;14.427;2.596
1968-05-01;16.76;5.176
1968-06-01;18.873;7.318
1968-07-01;19.734;8.431000000000001
1968-08-01;19.238;7.891999999999999
1968-09-01;17.348000000000006;5.942
1968-10-01;15.086;3.787
1968-11-01;11.3;357
1968-12-01;8.551;-2.116
1969-01-01;7.228999999999999;-3.298
1969-02-01;7.9689999999999985;-3.1910000000000003
1969-03-01;11.018;-0.8240000000000001
1969-04-01;14.286;2.69
1969-05-01;17.064;5.565
1969-06-01;19.208;7.568
1969-07-01;20.024;8.666
1969-08-01;19.628;8.123999999999999
1969-09-01;17.67;6.421
1969-10-01;14.888;4.05
1969-11-01;11.974;923
1969-12-01;9.587;-1.139
1970-01-01;8.288;-2.584
1970-02-01;9.543;-2.02
1970-03-01;11.066;-545
1970-04-01;14.383;2.739
1970-05-01;17.165000000000006;5.402
1970-06-01;19.368;7.599
1970-07-01;20.254;8.722999999999999
1970-08-01;19.43;8.097000000000001
1970-09-01;17.879;6.62
1970-10-01;14.96;3.787
1970-11-01;11.562;524
1970-12-01;8.941;-1.829
1971-01-01;8.530999999999999;-2.531
1971-02-01;8.578999999999999;-2.7230000000000003
1971-03-01;10.967;-0.8960000000000001
1971-04-01;14.267;2.516
1971-05-01;17.186;5.384
1971-06-01;18.992;7.436
1971-07-01;19.984;8.511000000000001
1971-08-01;19.593;8.085999999999999
1971-09-01;17.918000000000006;6.462999999999999
1971-10-01;15.146;3.809
1971-11-01;11.842;931
1971-12-01;9.228;-1.439
1972-01-01;7.391999999999999;-3.5490000000000004
1972-02-01;8.219;-3.115
1972-03-01;11.169;-672
1972-04-01;14.148;2.498
1972-05-01;16.968;5.3610000000000015
1972-06-01;19.231;7.627000000000002
1972-07-01;20.037;8.568
1972-08-01;19.88;8.386000000000001
1972-09-01;17.529000000000003;6.166
1972-10-01;15.057;3.84
1972-11-01;11.167;0.52
1972-12-01;9.182;-1.492
1973-01-01;8.491999999999999;-2.3080000000000003
1973-02-01;9.496;-1.6540000000000004
1973-03-01;11.605;109
1973-04-01;14.51;3.107
1973-05-01;17.417;5.926
1973-06-01;19.497;8.155000000000001
1973-07-01;20.112;8.988999999999997
1973-08-01;19.707;8.427
1973-09-01;17.815;6.504
1973-10-01;15.182;3.913
1973-11-01;11.667;0.7879999999999999
1973-12-01;9.292;-1.514
1974-01-01;7.463999999999999;-2.894
1974-02-01;8.118;-2.926
1974-03-01;10.966;-0.4950000000000001
1974-04-01;14.179;2.59
1974-05-01;16.932000000000002;5.4700000000000015
1974-06-01;19.235;7.591
1974-07-01;19.925;8.654
1974-08-01;19.652;8.391
1974-09-01;17.430000000000003;6.14
1974-10-01;14.884;3.423
1974-11-01;11.459;389
1974-12-01;8.738999999999999;-1.5219999999999998
1975-01-01;8.484;-2.257
1975-02-01;9.026;-2.096
1975-03-01;11.384;-0.15
1975-04-01;14.399;2.882
1975-05-01;17.484;5.8420000000000005
1975-06-01;19.275;7.796
1975-07-01;20.051;8.637
1975-08-01;19.248;7.891999999999999
1975-09-01;17.804000000000006;6.54
1975-10-01;14.908;3.671
1975-11-01;11.462;332
1975-12-01;9.079;-1.636
1976-01-01;8.398;-2.452
1976-02-01;8.509;-2.443
1976-03-01;10.305;-1.2040000000000002
1976-04-01;14.177;2.489
1976-05-01;16.727999999999998;5.176
1976-06-01;18.954;7.3450000000000015
1976-07-01;19.852;8.349
1976-08-01;19.163;7.645999999999999
1976-09-01;17.740000000000006;6.197
1976-10-01;14.028;3.113
1976-11-01;11.156;302
1976-12-01;9.086;-1.7080000000000002
1977-01-01;7.7639999999999985;-2.648
1977-02-01;9.135;-2.152
1977-03-01;11.581;-35
1977-04-01;14.751;3.0580000000000003
1977-05-01;17.594;6.009
1977-06-01;19.628;8.058
1977-07-01;20.327;8.971
1977-08-01;19.673;8.463999999999999
1977-09-01;17.535;6.35
1977-10-01;14.875;3.5860000000000003
1977-11-01;11.962;1.259
1977-12-01;9.001;-1.385
1978-01-01;8.006;-2.52
1978-02-01;9.006;-2.149
1978-03-01;11.344;-74
1978-04-01;14.628;3.084
1978-05-01;17.131;5.723000000000001
1978-06-01;18.891;7.715000000000002
1978-07-01;19.911;8.894
1978-08-01;18.974;7.680999999999999
1978-09-01;17.64;6.431
1978-10-01;14.964;3.803
1978-11-01;11.685;1.08
1978-12-01;9.195;-1.617
1979-01-01;8.071;-2.625
1979-02-01;8.525;-2.7590000000000003
1979-03-01;11.331;-129
1979-04-01;14.273;2.623
1979-05-01;17.139000000000006;5.7120000000000015
1979-06-01;19.366;7.818
1979-07-01;19.945;8.491
1979-08-01;19.623;8.266
1979-09-01;18.059;6.714
1979-10-01;15.354;4.053999999999999
1979-11-01;11.807;905
1979-12-01;10.0;-0.6690000000000002
1980-01-01;8.468;-2.4570000000000003
1980-02-01;9.26;-1.864
1980-03-01;11.239999999999998;-379
1980-04-01;14.821;3.109
1980-05-01;17.713;6.131
1980-06-01;19.375;7.901000000000002
1980-07-01;20.466;9.102
1980-08-01;19.814;8.562999999999999
1980-09-01;18.121;6.642
1980-10-01;15.17;4.051
1980-11-01;12.196;1.334
1980-12-01;9.431;-1.277
1981-01-01;9.267;-1.2980000000000005
1981-02-01;9.689;-1.41
1981-03-01;12.05;0.5539999999999999
1981-04-01;14.817;3.131
1981-05-01;17.471;5.901000000000002
1981-06-01;19.611;8.065
1981-07-01;20.398;9.208
1981-08-01;20.293;8.976999999999997
1981-09-01;17.950000000000006;6.646
1981-10-01;14.979;3.765
1981-11-01;11.669;0.97
1981-12-01;10.068;-878
1982-01-01;8.09;-2.777
1982-02-01;8.843;-2.075
1982-03-01;10.667;-722
1982-04-01;14.388;2.89
1982-05-01;17.149;5.727
1982-06-01;19.083;7.556
1982-07-01;20.311;9.019
1982-08-01;19.534;8.465
1982-09-01;17.75;6.675
1982-10-01;14.845;3.917
1982-11-01;11.314;909
1982-12-01;9.637;-0.7050000000000001
1983-01-01;8.747;-1.65
1983-02-01;9.427;-1.592
1983-03-01;11.503;0.0969999999999999
1983-04-01;14.45;3.053
1983-05-01;17.477;6.144
1983-06-01;19.217;7.819
1983-07-01;20.139;8.829
1983-08-01;20.105;8.729
1983-09-01;18.41200000000001;7.08
1983-10-01;15.097;4.011
1983-11-01;12.334;1.4209999999999998
1983-12-01;9.25;-1.3119999999999998
1984-01-01;8.338;-2.2350000000000003
1984-02-01;8.786;-2.452
1984-03-01;11.541;-78
1984-04-01;14.335;2.608
1984-05-01;17.860000000000007;6.211
1984-06-01;19.05;7.662000000000001
1984-07-01;20.109;8.958
1984-08-01;19.83;8.33
1984-09-01;17.718;6.5
1984-10-01;14.890999999999998;4.015
1984-11-01;11.243;602
1984-12-01;8.411;-1.88
1985-01-01;8.385;-2.22
1985-02-01;8.322000000000001;-2.853
1985-03-01;11.194;-133
1985-04-01;14.421;2.905
1985-05-01;17.203000000000007;5.756
1985-06-01;19.396;7.907999999999999
1985-07-01;19.711;8.362
1985-08-01;19.757;8.514999999999999
1985-09-01;17.634;6.482
1985-10-01;14.808;4.051
1985-11-01;11.331;703
1985-12-01;9.044;-1.368
1986-01-01;8.818;-2.011
1986-02-01;9.699;-1.6370000000000002
1986-03-01;11.629;15
1986-04-01;14.772;3.105
1986-05-01;17.393;5.888999999999999
1986-06-01;19.211;7.7200000000000015
1986-07-01;19.987;8.738999999999999
1986-08-01;19.874;8.433
1986-09-01;17.713;6.395
1986-10-01;14.803;3.881
1986-11-01;11.232;0.7020000000000001
1986-12-01;9.071;-1.399
1987-01-01;8.700999999999999;-2.3440000000000003
1987-02-01;9.792;-1.366
1987-03-01;11.203;-467
1987-04-01;14.69;2.835
1987-05-01;17.315;5.797999999999999
1987-06-01;19.661;8.105
1987-07-01;20.667;9.326
1987-08-01;19.632;8.319999999999999
1987-09-01;18.22600000000001;6.877999999999999
1987-10-01;15.136;4.093999999999999
1987-11-01;11.518;0.71
1987-12-01;9.857;-0.7120000000000001
1988-01-01;8.863999999999997;-1.798
1988-02-01;9.094;-2.031
1988-03-01;11.817;0.3659999999999999
1988-04-01;14.978;3.289
1988-05-01;17.676000000000005;6.143000000000002
1988-06-01;19.974;8.356
1988-07-01;20.466;9.186
1988-08-01;20.124;8.905
1988-09-01;18.424000000000003;7.08
1988-10-01;15.719;4.363
1988-11-01;11.837;841
1988-12-01;9.707;-0.8520000000000001
1989-01-01;8.094999999999999;-2.5980000000000003
1989-02-01;9.3;-1.924
1989-03-01;11.628;0.1309999999999999
1989-04-01;14.541;2.737
1989-05-01;17.105;5.4940000000000015
1989-06-01;19.25;7.871
1989-07-01;20.361;8.988999999999997
1989-08-01;19.987;8.594999999999999
1989-09-01;18.198;6.675
1989-10-01;15.473;4.1
1989-11-01;11.718;0.7490000000000001
1989-12-01;9.802;-0.8070000000000002
1990-01-01;8.556999999999999;-1.9390000000000005
1990-02-01;9.225;-1.7950000000000002
1990-03-01;12.658;1.0359999999999998
1990-04-01;15.058;3.373
1990-05-01;17.642000000000003;6.086
1990-06-01;19.786;8.167
1990-07-01;20.401;9.158
1990-08-01;19.956;8.514
1990-09-01;17.993000000000006;6.597
1990-10-01;15.72;4.285
1990-11-01;12.561;1.345
1990-12-01;9.935;-0.9220000000000002
1991-01-01;8.506;-1.9070000000000005
1991-02-01;9.774;-1.499
1991-03-01;11.411;-129
1991-04-01;15.123;3.414
1991-05-01;17.441000000000006;6.009
1991-06-01;19.903;8.509
1991-07-01;20.643;9.273
1991-08-01;20.036;8.61
1991-09-01;18.539;7.004
1991-10-01;15.553;4.122
1991-11-01;11.862;1.121
1991-12-01;9.284;-1.061
1992-01-01;8.914;-1.6550000000000002
1992-02-01;9.491;-1.5950000000000002
1992-03-01;11.692;0.2529999999999999
1992-04-01;14.366;2.785
1992-05-01;17.346;5.796
1992-06-01;19.36;7.818
1992-07-01;19.853;8.421
1992-08-01;19.435;8.130999999999998
1992-09-01;17.289;6.132000000000001
1992-10-01;15.152;3.676
1992-11-01;11.303;463
1992-12-01;9.455;-1.0630000000000002
1993-01-01;8.666;-1.9190000000000005
1993-02-01;9.42;-1.7440000000000002
1993-03-01;11.791;0.1409999999999999
1993-04-01;14.585;2.823
1993-05-01;17.289;5.674
1993-06-01;19.292;7.767
1993-07-01;20.228;8.947000000000001
1993-08-01;19.584;8.228
1993-09-01;17.639000000000006;6.287000000000001
1993-10-01;15.294;3.987
1993-11-01;11.091;0.3629999999999999
1993-12-01;9.358;-1.139
1994-01-01;8.336;-2.274
1994-02-01;8.594;-2.768
1994-03-01;11.662999999999998;-131
1994-04-01;14.961;3.162
1994-05-01;17.582;5.682
1994-06-01;19.932;8.288
1994-07-01;20.421;8.947000000000001
1994-08-01;19.808;8.274
1994-09-01;18.335;6.821000000000001
1994-10-01;15.606;4.543
1994-11-01;12.2;1.311
1994-12-01;9.313;-1.102
1995-01-01;8.895;-1.769
1995-02-01;10.257;-0.8790000000000002
1995-03-01;11.784;265
1995-04-01;14.839;3.162
1995-05-01;17.301000000000002;5.758000000000001
1995-06-01;20.115;8.232000000000001
1995-07-01;20.803;9.331
1995-08-01;20.409;8.808
1995-09-01;18.382;6.921
1995-10-01;15.749;4.49
1995-11-01;12.387;1.266
1995-12-01;9.396;-1.143
1996-01-01;8.350999999999999;-2.512
1996-02-01;9.769;-1.7620000000000002
1996-03-01;11.411;-285
1996-04-01;14.470999999999998;2.717
1996-05-01;17.437;5.792000000000002
1996-06-01;19.405;7.854
1996-07-01;20.65;9.123
1996-08-01;20.416;8.918
1996-09-01;17.974;6.711
1996-10-01;15.191;3.929
1996-11-01;11.952;1.178
1996-12-01;9.82;-1.089
1997-01-01;8.588;-2.1340000000000003
1997-02-01;9.456;-1.885
1997-03-01;11.808;0.1899999999999999
1997-04-01;14.817;2.967
1997-05-01;17.378;5.8020000000000005
1997-06-01;19.913;8.334
1997-07-01;20.26;8.825
1997-08-01;20.13;8.578999999999999
1997-09-01;18.555000000000003;6.973
1997-10-01;15.682;4.665
1997-11-01;12.195;1.503
1997-12-01;9.634;-0.7370000000000001
1998-01-01;8.555;-1.7760000000000002
1998-02-01;10.475;-0.7680000000000002
1998-03-01;11.888;0.3009999999999999
1998-04-01;15.255;3.439
1998-05-01;18.182;6.372000000000001
1998-06-01;20.404;8.777999999999999
1998-07-01;20.972;9.715
1998-08-01;20.505;9.344
1998-09-01;18.336;7.152
1998-10-01;15.505999999999998;4.45
1998-11-01;11.872;1.039
1998-12-01;10.083;-0.6559999999999999
1999-01-01;8.876999999999997;-1.7320000000000002
1999-02-01;10.4;-957
1999-03-01;11.4;-0.2739999999999999
1999-04-01;14.807;2.931
1999-05-01;17.613;5.824000000000002
1999-06-01;19.831;8.205
1999-07-01;20.578000000000003;9.24
1999-08-01;20.158;8.696
1999-09-01;18.472;7.109
1999-10-01;15.583;4.4910000000000005
1999-11-01;12.121;1.107
1999-12-01;9.953;-0.6920000000000001
2000-01-01;8.349;-2.322
2000-02-01;9.863;-1.371
2000-03-01;12.204999999999998;0.3759999999999999
2000-04-01;15.534;3.68
2000-05-01;17.721;5.997000000000001
2000-06-01;19.847;8.243
2000-07-01;20.665;9.098
2000-08-01;20.308;8.796
2000-09-01;18.373;6.822
2000-10-01;15.069;4.0
2000-11-01;11.67;996
2000-12-01;9.182;-1.3330000000000002
2001-01-01;8.827;-2.0780000000000003
2001-02-01;9.486;-1.997
2001-03-01;12.130999999999998;0.4109999999999999
2001-04-01;15.174;3.234
2001-05-01;18.185;6.3500000000000005
2001-06-01;19.962;8.218
2001-07-01;20.923;9.428
2001-08-01;20.332;8.664
2001-09-01;18.581000000000003;7.07
2001-10-01;15.578;4.353
2001-11-01;12.89;1.92
2001-12-01;9.841;-685
2002-01-01;9.459;-1.3219999999999998
2002-02-01;10.435;-0.9480000000000002
2002-03-01;12.775;0.8940000000000001
2002-04-01;15.146;3.3080000000000003
2002-05-01;18.157;6.199000000000002
2002-06-01;19.912;8.184000000000001
2002-07-01;21.199;9.409
2002-08-01;20.444000000000003;8.806999999999997
2002-09-01;18.785;7.16
2002-10-01;15.599;4.484
2002-11-01;12.48;1.389
2002-12-01;9.357;-1.189
2003-01-01;9.558;-1.481
2003-02-01;9.749;-1.4800000000000002
2003-03-01;11.972;215
2003-04-01;15.033;3.209
2003-05-01;18.118;6.207999999999999
2003-06-01;19.77;8.222000000000001
2003-07-01;20.757;9.223
2003-08-01;20.48;8.974
2003-09-01;18.692;7.221
2003-10-01;16.115;4.74
2003-11-01;12.203;1.347
2003-12-01;10.545;-179
2004-01-01;8.901;-1.65
2004-02-01;10.171;-1.1820000000000002
2004-03-01;12.275;0.3759999999999999
2004-04-01;15.132;3.285
2004-05-01;17.296000000000006;5.707000000000002
2004-06-01;19.66;8.035
2004-07-01;20.087;8.624
2004-08-01;20.011;8.382
2004-09-01;18.451;6.907
2004-10-01;15.843;4.511
2004-11-01;12.796;1.91
2004-12-01;9.593;-0.9320000000000002
2005-01-01;9.026;-1.3769999999999998
2005-02-01;9.508;-1.5340000000000005
2005-03-01;12.316;0.8130000000000002
2005-04-01;15.550999999999998;3.697
2005-05-01;17.995;6.392
2005-06-01;20.104;8.863
2005-07-01;20.88;9.569
2005-08-01;20.25;8.934
2005-09-01;19.110000000000007;7.412000000000001
2005-10-01;16.235;5.004
2005-11-01;12.944;1.988
2005-12-01;10.279000000000002;-395
2006-01-01;8.616999999999999;-1.942
2006-02-01;10.124;-1.2290000000000003
2006-03-01;12.239;0.56
2006-04-01;15.004;3.0810000000000004
2006-05-01;17.650000000000006;5.791
2006-06-01;20.317;8.530000000000001
2006-07-01;20.905;9.288
2006-08-01;20.79;9.146999999999998
2006-09-01;18.779000000000003;7.081
2006-10-01;15.925;4.795999999999999
2006-11-01;12.448;1.5179999999999998
2006-12-01;10.345999999999998;-0.2430000000000001
2007-01-01;10.084;-0.8180000000000003
2007-02-01;10.039;-1.503
2007-03-01;12.483;0.5169999999999999
2007-04-01;15.807;3.88
2007-05-01;18.395000000000003;6.5680000000000005
2007-06-01;20.223;8.370000000000001
2007-07-01;21.108;9.482
2007-08-01;20.641;9.032
2007-09-01;18.838;7.18
2007-10-01;16.134;4.609
2007-11-01;12.772;1.4780000000000002
2007-12-01;9.873;-0.6840000000000002
2008-01-01;8.155;-2.383
2008-02-01;9.351;-2.1060000000000003
2008-03-01;12.992;879
2008-04-01;15.42;3.175
2008-05-01;17.989;6.053000000000001
2008-06-01;19.973;8.266
2008-07-01;21.006;9.407
2008-08-01;20.176;8.594
2008-09-01;18.629;7.1160000000000005
2008-10-01;16.038;4.847
2008-11-01;12.738;1.7959999999999998
2008-12-01;9.834;-946
2009-01-01;9.175999999999998;-1.7560000000000002
2009-02-01;9.822;-1.5450000000000002
2009-03-01;12.065;132
2009-04-01;15.377;3.32
2009-05-01;18.01;6.141
2009-06-01;20.056;8.3
2009-07-01;21.085;9.456
2009-08-01;20.577;8.854999999999997
2009-09-01;19.006;7.397
2009-10-01;15.79;4.563
2009-11-01;12.574000000000002;1.64
2009-12-01;9.661;-0.94
2010-01-01;9.245;-1.6770000000000005
2010-02-01;10.034;-1.107
2010-03-01;12.669;0.7959999999999998
2010-04-01;15.616;3.759
2010-05-01;18.173;6.524000000000001
2010-06-01;20.252;8.488999999999999
2010-07-01;20.97;9.551
2010-08-01;20.656;8.984
2010-09-01;18.603;7.252000000000001
2010-10-01;16.115;4.905
2010-11-01;13.168;1.95
2010-12-01;9.887;-1.139
2011-01-01;8.722000000000001;-2.0340000000000003
2011-02-01;9.435;-1.906
2011-03-01;11.963;0.3140000000000001
2011-04-01;15.45;3.524
2011-05-01;17.917;6.0230000000000015
2011-06-01;20.231;8.48
2011-07-01;21.32;9.684
2011-08-01;20.922;9.207999999999998
2011-09-01;18.89;6.997999999999999
2011-10-01;16.075;4.85
2011-11-01;12.395;1.432
2011-12-01;10.098;-0.6409999999999999
2012-01-01;8.690999999999999;-2.233
2012-02-01;9.379;-2.067
2012-03-01;12.025;0.0749999999999999
2012-04-01;15.679;3.689
2012-05-01;18.611;6.461
2012-06-01;20.43;8.505
2012-07-01;21.006;9.229
2012-08-01;20.709;8.84
2012-09-01;19.074;7.176
2012-10-01;16.203;4.765
2012-11-01;12.689;1.7959999999999998
2012-12-01;9.498;-1.162
2013-01-01;9.255;-1.7260000000000002
2013-02-01;9.95;-1.4720000000000002
2013-03-01;12.328;174
2013-04-01;15.084;3.055
2013-05-01;18.107000000000006;6.263
2013-06-01;20.44;8.685
2013-07-01;20.737;9.33
2013-08-01;20.596;9.014
2013-09-01;18.947000000000006;7.482
2013-10-01;15.994000000000002;4.663
2013-11-01;12.965;2.016
2013-12-01;10.083;-0.5479999999999999
2014-01-01;9.327;-1.7550000000000003
2014-02-01;9.146;-2.08
2014-03-01;12.367;436
2014-04-01;15.529000000000002;3.617
2014-05-01;18.362;6.613
2014-06-01;20.126;8.472999999999999
2014-07-01;20.711;9.112
2014-08-01;20.79;9.047
2014-09-01;18.865;7.399
2014-10-01;16.066;4.689
2014-11-01;12.284;1.3130000000000002
2014-12-01;10.19;-331
2015-01-01;9.432;-1.5180000000000002
2015-02-01;10.497;-1.1380000000000003
2015-03-01;12.659;0.8940000000000001
2015-04-01;15.224;3.402
2015-05-01;18.181;6.3130000000000015
2015-06-01;20.364;8.627
2015-07-01;20.904;9.326
2015-08-01;20.699;9.004999999999997
2015-09-01;18.845;7.199
2015-10-01;16.45;5.231999999999998
2015-11-01;12.892;2.157
2015-12-01;10.725;0.2869999999999997